numero_chapitre;chapitre;énoncé;nb_sortie;réponse;
1;fonctions;position du graphe par rapport à une tangente pour une fonction convexe;0;;
1;fonctions;position du graphe par rapport à une corde (=segment) pour une fonction convexe;0;;
1;fonctions;position du graphe par rapport à une tangente pour une fonction concave;0;;
1;fonctions;position du graphe par rapport à une corde (=segment) pour une fonction concave;0;;
1;fonctions;inégalité à n points pour une fonction convexe;0;;
1;fonctions;la fonction ln est-elle convexe ? Concave ?;0;;
1;fonctions;une fonction puissance x->x^n (avec n entier) est-elle convexe ? Concave ? Sur |R puis sur |R+.;0;;
1;fonctions;quelle inégalité a-t-on entre ln(1+x) et x ?;0;;
1;fonctions;quelle inégalité a-t-on entre exp(x) et 1+x ?;0;;
1;fonctions;quelle inégalité a-t-on entre sin(x) et x ?;0;;
1;fonctions;comment montrer en pratique qu'une fonction est convexe ou concave ?;0;;
1;fonctions;rapport entre convexité et dérivée d'ordre 1 pour une fonction;0;;
1;fonctions;rapport entre concavité et dérivée d'ordre 2 pour une fonction;0;;
1;fonctions;théorème de Rolle;0;;
1;fonctions;TAF;0;;
1;fonctions;IAF;0;;
1;fonctions;Taylor-Young;0;;
1;fonctions;Taylor reste intégral;0;;
1;fonctions;inégalité de Taylor Lagrange;0;;
1;fonctions;formule de Leibniz;0;;
1;fonctions;théorème de la limite de la dérivée;0;;
1;fonctions;Vrai ou faux : pour une fonction f définie sur un intervalle I, alors f est continue en un point intérieur a ssi les limites en a- et a+ sont finies et égales ?;0;;
1;fonctions;pour une fonction f de classe C1 sur un intervalle I, rapport entre monotonie stricte et signe de f' ?;0;;
1;fonctions;DL Arctan(x);0;;
1;fonctions;DL sin(x);0;;
1;fonctions;DL cos(x);0;;
1;fonctions;DL tan(x) à l'ordre 5;0;;
1;fonctions;DL exp(x);0;;
1;fonctions;DL ch(x);0;;
1;fonctions;DL sh(x);0;;
1;fonctions;DL 1/(1-x);0;;
1;fonctions;DL 1/(1+x);0;;
1;fonctions;DL ln(1+x);0;;
1;fonctions;DL ln(1-x);0;;
1;fonctions;DL (1+x)^α;0;;
1;fonctions;dérivée Arcsin;0;;
1;fonctions;dérivée Arccos;0;;
1;fonctions;dérivée Arctan;0;;
1;fonctions;graphe Arcsin;0;;
1;fonctions;graphe Arccos;0;;
1;fonctions;graphe Arctan;0;;
1;fonctions;linéariser cos^2(x);0;;
1;fonctions;linéariser sin^2(x);0;;
1;fonctions;exprimer sin(x) à l'aide de t=tan(x/2);0;;
1;fonctions;exprimer cos(x) à l'aide de t=tan(x/2);0;;
1;fonctions;exprimer tan(x) à l'aide de t=tan(x/2);0;;
1;fonctions;sin(a+b)=?;0;;
1;fonctions;cos(a-b)=?;0;;
1;fonctions;cos(2x)=?;0;;
1;fonctions;sin(2x)=?;0;;
1;fonctions;relation entre Arctan(x) et Arctan(1/x) ?;0;;
1;fonctions;relation entre Arcsin(x) et Arccos(x) ?;0;;
1;fonctions;linéariser cos(a)cos(b);0;;
1;fonctions;linéariser sin(a)cos(b);0;;
1;fonctions;linéariser sin(a)sin(b);0;;
1;fonctions;factoriser cos(p) + cos(q);0;;
2;suites numériques;si u_n -u_(n-1) tend vers 0, alors la suite (u_n) converge;0;;
2;suites numériques;comment étudier en pratique une suite récurrente u_(n+1)=f(u_n) ?;0;;
2;suites numériques;définition (avec epsilon) de la convergence d'une suite numérique ;0;;
2;suites numériques;théorème des suites monotones (suites numériques);0;;
2;suites numériques;théorèmes des suites adjacentes;0;;
2;suites numériques;définition des suites adjacentes;0;;
2;suites numériques;définition de deux suites équivalentes;0;;
2;suites numériques;théorème de Bolzano-Weierstrass (pour les suites numériques);0;;
2;suites numériques;pour une suite numérique, rapport entre convergente et bornée;0;;
2;suites numériques;définition d'une valeur d'adhérence pour une suite;0;;
2;suites numériques;rapport entre la convergence d'une suite (u_n) et celle des sous-suites des termes d'indice pair (u_(2n)) et impair (u_(2n+1));0;;
2;suites numériques;hypothèses raisonnables pour que, si une suite réelle (u_n) converge vers a et si f est une fonction, alors (f(u_n)) converge vers f(a) ?;0;;
3;séries numériques/familles sommables;lien suite-série;0;;
3;séries numériques/familles sommables;Vrai ou faux : Si u_n tend vers 0, la série ∑ u_n converge;0;;
3;séries numériques/familles sommables;Nature de la série ∑ 1/n^α;0;;
3;séries numériques/familles sommables;CNS pour que ∑ q^n converge et somme;0;;
3;séries numériques/familles sommables;formule de Stirling;0;;
3;séries numériques/familles sommables;énoncé du théorème comparaison série-intégrale;0;;
3;séries numériques/familles sommables;règle de d'Alembert (séries numériques);0;;
3;séries numériques/familles sommables;énoncé théorème de comparaison séries numériques (avec ≤);0;;
3;séries numériques/familles sommables;énoncé théorème de comparaison séries numériques (avec O);0;;
3;séries numériques/familles sommables;énoncé théorème des séries alternées;0;;
3;séries numériques/familles sommables;équivalent de H_n ? (n-me somme partilelle de la série harmonique) Et comment le prouver rapidement ?;0;;
3;séries numériques/familles sommables;nature de la série des ln(n)/n ? Et pourquoi ?;0;;
3;séries numériques/familles sommables;nature de la série des 1/(n*ln(n)) ? Et pourquoi ?;0;;
3;séries numériques/familles sommables;nature de la série des ln(n)/n^2 ? Et pourquoi ?;0;;
3;séries numériques/familles sommables;définition de la convergence d'une série numérique;0;;
3;séries numériques/familles sommables;définition de la convergence absolue d'une série;0;;
3;séries numériques/familles sommables;exemple d'une série numérique convergente mais pas absolument convergente;0;;
3;séries numériques/familles sommables;sommation des relations de comparaison, cas convergent;0;;
3;séries numériques/familles sommables;sommation des relations de comparaison, cas divergent;0;;
3;séries numériques/familles sommables;produit de Cauchy de deux séries numériques;0;;
3;séries numériques/familles sommables;définition d'une famille sommable de réels positifs;0;;
3;séries numériques/familles sommables;définition d'une famille sommable de nombres réels ou complexes;0;;
3;séries numériques/familles sommables;pour une suite (u_n) réelle ou complexe, condition pour que la famille (u_n) soit une famille sommable;0;;
3;séries numériques/familles sommables;pour une suite (u_n) réelle positive, condition pour que la famille (u_n) soit une famille sommable;0;;
3;séries numériques/familles sommables;théorème de sommation par paquet pour les familles de réels positifs;0;;
3;séries numériques/familles sommables;théorème de sommation par paquet pour les familles de complexes;0;;
4;intégration;primitive de x->1/x;0;;
4;intégration;primitive de x->1/(1+x^2);0;;
4;intégration;primitive de x->1/sqrt(1-x^2);0;;
4;intégration;définition d'une somme de Riemann d'une fonction;0;;
4;intégration;théorème de convergence des sommes de Riemann  (attention, sommes, pas séries);0;;
4;intégration;rapport entre la classe d'une fonction f et celle d'une de ses primitives F ?;0;;
4;intégration;Compléter l'énoncé : l'intégrale d'une fonction ... est nulle si, et seulement si la fonction est nulle;0;;
4;intégration;théorème fondamental de l'analyse;0;;
4;intégration;comment primitiver une fonction avec sqrt(x^2 +1) ?;0;;
4;intégration;comment primitiver une fonction avec sqrt(x^2 -1) ?;0;;
4;intégration;comment primitiver une fonction avec sqrt(1-x^2) ?;0;;
4;intégration;règles de Bioche ? (en intégration);0;;
4;intégration;formule de changement de variable pour une intégrale sur un segment;0;;
4;intégration;intégration par parties sur un segment;0;;
5;espaces vectoriels normés;définition d'une norme;0;;
5;espaces vectoriels normés;définition d'un ouvert;0;;
5;espaces vectoriels normés;ouverts stables par union/intersection finie/quelconque ?;0;;
5;espaces vectoriels normés;définition d'un fermé;0;;
5;espaces vectoriels normés;fermés stables par union/intersection finie/quelconque ?;0;;
5;espaces vectoriels normés;définition de la distance d'un point à une partie;0;;
5;espaces vectoriels normés;un singleton est ouvert ? Fermé ?;0;;
5;espaces vectoriels normés;caractérisation séquentielle d'un fermé;0;;
5;espaces vectoriels normés;définition d'un point intérieur à une partie;0;;
5;espaces vectoriels normés;définition d'un point adhérent à une partie;0;;
5;espaces vectoriels normés;caractérisation séquentielle d'un point adhérent;0;;
5;espaces vectoriels normés;définition d'une partie dense;0;;
5;espaces vectoriels normés;l'adhérence d'une partie est un fermé ? Un ouvert ?;0;;
5;espaces vectoriels normés;l'intérieur d'une partie est un fermé ? Un ouvert ?;0;;
5;espaces vectoriels normés;équivalence des normes ?;0;;
5;espaces vectoriels normés;caract séquentielle de la limite d'une fonction;0;;
5;espaces vectoriels normés;caract séquentielle de la continuité;0;;
5;espaces vectoriels normés;comment montrer en pratique que 2 normes sont équivalentes ?;0;;
5;espaces vectoriels normés;comment montrer en pratique que 2 normes ne sont pas équivalentes (en dim infinie donc) ?;0;;
5;espaces vectoriels normés;énoncer le théorème de Heine;0;;
5;espaces vectoriels normés;définition de la continuité uniforme d'une fonction;0;;
5;espaces vectoriels normés;rapport entre continuité globale et continuité uniforme;0;;
5;espaces vectoriels normés;définition d'une partie convexe;0;;
5;espaces vectoriels normés;définition d'une fonction lipschitzienne;0;;
5;espaces vectoriels normés;lien entre fonction lip. et continuité uniforme;0;;
5;espaces vectoriels normés;caractérisation de la continuité d'une application linéaire;0;;
5;espaces vectoriels normés;continuité d'une application linéaire en dimension ?...;0;;
5;espaces vectoriels normés;définition de la norme subordonnée d'une application linéaire;0;;
5;espaces vectoriels normés;pour une application linéaire u et un vecteur x, quel rapport entre les normes ||u(x)||, ||x|| et la norme subordonnée |||u||| ?;0;;
5;espaces vectoriels normés;quel rapport entre une valeur propre lambda d'un endomorphisme u et la norme subordonnée |||u||| ?;0;;
5;espaces vectoriels normés;que dire de la norme subordonnée |||u+v||| d'une somme ?;0;;
5;espaces vectoriels normés;que dire de la norme subordonnée |||uov||| de la composée ?;0;;
5;espaces vectoriels normés;définition d'un compact;0;;
5;espaces vectoriels normés;compact=fermé borné ?;0;;
5;espaces vectoriels normés;une fonction continue sur un compact est ?;0;;
5;espaces vectoriels normés;GLn(|R) est fermé, ouvert, compact ?;0;;
5;espaces vectoriels normés;pourquoi une boule fermée est-elle un fermé ?;0;;
5;espaces vectoriels normés;comment montrer en pratique qu'une partie est compacte ?;0;;
6;intégration intervalle quelconque;définition de l'intégrabilité d'une fonction  quelconque (réelle ou complexe);0;;
6;intégration intervalle quelconque;définition de l'intégrale de f sur [a,+∞[ converge;0;;
6;intégration intervalle quelconque;convergence de l'intégrale de 1/x^a sur [1,+∞[  ?;0;;
6;intégration intervalle quelconque;convergence de l'intégrale de e^{-ax} sur [0,+∞[ (et valeur éventuelle) ?;0;;
6;intégration intervalle quelconque;si f est intégrable sur [a, +∞[, alors f tend vers 0 en + ∞ ?;0;;
6;intégration intervalle quelconque;La fonction ln est-elle intégrable sur ]0,1] ? Pourquoi ?;0;;
6;intégration intervalle quelconque;intégrabilité des fonctions de Riemann ?;0;;
6;intégration intervalle quelconque;énoncé d'un théorème de comparaison pour l'intégrabilité;0;;
6;intégration intervalle quelconque;rapport entre "fontion intégrable" et "limite finie de primitive" ?;0;;
6;intégration intervalle quelconque;exemple d'une fonction non intégrable qui a une limite finie de primitive ?;0;;
6;intégration intervalle quelconque;l'intégrale du sinus cardinal converge-t-elle entre 0 et +∞ ?;0;;
6;intégration intervalle quelconque;formule de changement de variable pour une intégrale sur un intervalle quelconque;0;;
6;intégration intervalle quelconque;intégration par parties sur un intervalle quelconque;0;;
6;intégration intervalle quelconque;comment étudier en pratique l'intégrabilité d'une fonction sur un intervalle ]a,b] (a réel) ?;0;;
6;intégration intervalle quelconque;si f est cont/morceaux sur ]0,1] et a une limite finie en 0, alors f est intégrable sur ]0,1] ?;0;;
6;intégration intervalle quelconque;si f est cont/morceaux et intégrable sur ]0,1], alors f a une limite finie en 0 ?;0;;
6;intégration intervalle quelconque;si f est cont/morceaux et intégrable sur ]0,1], alors f a une limite en 0 ?;0;;
7;fonctions vectorielles;dérivée de Lof si f est dérivable et L linéaire ?;0;;
7;fonctions vectorielles;dérivée de B(f,g) si f,g sont dérivables et B bilinéaire ?;0;;
7;fonctions vectorielles;dérivée de (f | g) ?;0;;
7;fonctions vectorielles;dérivée de || f ||^2 où || || est une norme euclidienne ?;0;;
8;algèbre linéaire;énoncé théorème du rang;0;;
8;algèbre linéaire;énoncé formule du rang;0;;
8;algèbre linéaire;définition d'un projecteur;0;;
8;algèbre linéaire;définition d'une somme de plusieurs s.e.v.;0;;
8;algèbre linéaire;définition d'une somme directe de plusieurs s.e.v.;0;;
8;algèbre linéaire;définition d'une famille libre (cas famille finie puis quelconque);0;;
8;algèbre linéaire;définition/caractérisation d'un Vect;0;;
8;algèbre linéaire;définition du rang d'une famille quelconque de vecteurs;0;;
8;algèbre linéaire;comment trouver en pratique l'image d'une application linéaire ?;0;;
8;algèbre linéaire;rapport entre projection vectorielle et symétrie;0;;
8;algèbre linéaire;comment caractériser un projecteur ?;0;;
8;algèbre linéaire;si la composée de 2 applications linéaires est nulle, que peut-on dire pour les images, noyaux ? Réciproque ?;0;;
8;algèbre linéaire;pour 2 applications linéaires, quel rapport entre Ker u et Ker vou ? Quel énoncé pour les images ?;0;;
8;algèbre linéaire;dimension d'une somme (directe) de sous-espaces vectoriels ?;0;;
8;algèbre linéaire;dimension de L(E,F) ? (pour E et F deux espaces vectoriels de dim finie);0;;
8;algèbre linéaire;Caractérisation des isomorphismes en dimension finie;0;;
9;matrices;dimension de An(K) ? Sn(K) ?;0;;
9;matrices;A quelle condition une matrice triangulaire est-elle inversible ?;0;;
9;matrices;expression des coefficients de la matrice produit A*B ?;0;;
9;matrices;rang d'une matrice diagonale en fonction de ses coefficients ?;0;;
9;matrices;trace d'un projecteur =? (en dimension finie);0;;
9;matrices;tr(AB)=tr(A) tr(B) ?;0;;
9;matrices;propriétés de la transposition des matrices;0;;
9;matrices;définition du rang d'une matrice;0;;
9;matrices;propriétés de la trace des matrices;0;;
9;matrices;que vaut le produit E_(i,j)*E_(k,l) ? (pour les matrices de la base canonique);0;;
9;matrices;pour des matrices inversibles, que vaut (A*B*C)^(-1) ?;0;;
9;matrices;comment calculer en pratique l'inverse d'une petite matrice carrée inversible ?;0;;
9;matrices;en pratique, comment montrer que 2 matrices sont semblables ?;0;;
9;matrices;comment calculer en pratique le rang d'une petite matrice carrée ?;0;;
9;matrices;définition de 2 matrices semblables;0;;
9;matrices;définition de 2 matrices équivalentes;0;;
9;matrices;2 matrices semblables ont même ?... Et la réciproque ?;0;;
9;matrices;2 matrices équivalentes ont même ?... Et la réciproque ?;0;;
10;déterminants;définition (formule) du déterminant d'une matrice;0;;
10;déterminants;"définition ""en français"" du déterminant d'une matrice";0;;
10;déterminants;formule de développement suivant une ligne ou colonne d'un déterminant;0;;
10;déterminants;det(AB)=?;0;;
10;déterminants;calcul d'un déterminant triangulaire par bloc ?;0;;
10;déterminants;déterminant de Vandermonde;0;;
10;déterminants;formule avec la comatrice;0;;
10;déterminants;que devient le déterminant d'une matrice si on effectue une opération élémentaire ?;0;;
11;structures;définition d'une relation d'équivalence;0;;
11;structures;définition d'une relation d'ordre;0;;
11;structures;définition d'un groupe;0;;
11;structures;définition d'un anneau;0;;
11;structures;définition d'un corps;0;;
11;structures;définition d'un espace vectoriel;0;;
11;structures;caractérisation d'un sous-espace vectoriel;0;;
11;structures;caractérisation d'un sous-groupe;0;;
11;structures;définition d'un idéal d'un anneau commutatif;0;;
11;structures;définition d'une application linéaire;0;;
11;structures;définition d'un morphisme de groupes;0;;
11;structures;définition d'un morphisme d'algèbres;0;;
11;structures;sous-groupes de (Z,+) ?;0;;
11;structures;quelle structure a l'ensemble des inversibles d'un anneau ?;0;;
11;structures;quels sont les générateurs du groupe (Z/nZ,+) ?;0;;
11;structures;quels sont les idéaux de Z ?;0;;
11;structures;quel est l'ordre dans le groupe GL_n(IK) d'une matrice de symétrie ?;0;;
11;structures;quel est l'ordre dans le groupe O_2(|R) d'une matrice de rotation d'angle 2*pi/n ?;0;;
11;structures;quels sont les idéaux de K[X] ?;0;;
11;arithmétique;définition du pgcd de 2 nombres;0;;
11;arithmétique;définition du ppcm de 2 nombres;0;;
11;arithmétique;définition du pgcd de n nombres;0;;
11;arithmétique;relation entre pgcd et ppcm pour 2 entiers a et b ?;0;;
11;arithmétique;théorème de Bezout pour les entiers;0;;
11;arithmétique;théorème de Gauss pour les entiers;0;;
11;arithmétique;comment trouver une relation de Bezout entre 49 et 15  (sans calculatrice) ?;0;;
11;arithmétique;si l'on possède une relation de Bezout entre 2 entiers a et b, comment trouver toutes les relations de Bezout entre a et b ensuite ?;0;;
13;groupes monogènes;définition de l'ordre d'un élément dans un groupe;0;;
13;groupes monogènes;dans un groupe fini, que peut-on dire de l'ordre d'un élément de ce groupe ?;0;;
13;groupes monogènes;définition d'un groupe monogène;0;;
13;groupes monogènes;définition d'un groupe cyclique;0;;
13;groupes monogènes;(Z,+) est-il un groupe cyclique ?;0;;
13;groupes monogènes;citer un exemple de groupe monogène infini et un exemple de groupe cyclique;0;;
13;groupes monogènes;comment calculer en pratique l'ordre d'un élément dans un groupe ?;0;;
13;groupes monogènes;si x est un élément d'ordre 3 dans un groupe (G,*), alors x^3=1;0;;
13;groupes monogènes;si x est un élément d'ordre 3 dans un groupe (G,*), alors x^4=x;0;;
13;groupes monogènes;si x est un élément dans un groupe (G,*) tel que x^4=1, alors x est d'ordre 4 ?;0;;
13;groupes monogènes;définition des éléments de Z/nZ;0;;
13;groupes monogènes;définition de la relation de congruence ""modulo n"" dans Z;0;;
13;groupes monogènes;que signifie que la relation de congruence ""modulo n"" est compatible avec les lois + et * dans Z ?;0;;
13;groupes monogènes;structure de Z/nZ ?;0;;
13;groupes monogènes;condition pour que Z/nZ soit un corps ?;0;;
13;groupes monogènes;éléments inversibles de Z/nZ ?;0;;
13;groupes monogènes;structure de l'ensemble des éléments inversibles de l'anneau Z/nZ ?;0;;
13;groupes monogènes;nombre d'éléments inversibles de l'anneau Z/nZ ?;0;;
13;groupes monogènes;générateurs du groupe (Z/nZ,+) ?;0;;
13;groupes monogènes;reste de la division euclidienne de 2019^(2020) par 6 ?;0;;
13;groupes monogènes;définition de la fonction indicatrice d'Euler (dans Z/nZ);0;;
13;groupes monogènes;comment calculer phi(n) où phi est la fonction indicatrice d'Euler et n un entier ?;0;;
13;groupes monogènes;petit théorème de Fermat (pour les entiers);0;;
13;groupes monogènes;théorème chinois (pour les entiers);0;;
13;groupes monogènes;comment résoudre dans Z un système de congruence (x=a [p] et x=b [q]) avec p et q premiers entre eux ?;0;;
12;réduction;définition vecteur propre;0;;
12;réduction;définition sous-espace propre;0;;
12;réduction;définition valeur propre;0;;
12;réduction;0 est valeur propre de u ssi ... ?;0;;
12;réduction;définition du polynôme minimal ?;0;;
12;réduction;structure de l'ensemble des polynômes annulateurs d'une matrice ?;0;;
12;réduction;rapport entre polynôme minimal et polynôme annulateur ?;0;;
12;réduction;rapport entre spectre et racines du polynôme caractéristique ?;0;;
12;réduction;pourquoi en dimension finie n'y a t'il qu'un nombre fini de valeurs propres ?;0;;
12;réduction;exemple d'endomorphisme ou de matrice réelle qui n'a pas de valeur propre réelle;0;;
12;réduction;coefficients en X^n, X^(n-1) et X^0 du polynôme caractéristique ?;0;;
12;réduction;que dire des valeurs propres de la transposée ?;0;;
12;réduction;Lemme des noyaux (en réduction);0;;
12;réduction;polynôme minimal d'une homothétie ?;0;;
12;réduction;polynôme minimal d'une symétrie ?;0;;
12;réduction;polynôme minimal d'un projecteur ?;0;;
12;réduction;lien entre le degré du polynôme minimal d'un endomorphisme u et la dimension de K[u];0;;
12;réduction;comment calculer en pratique les puissances d'une matrice dont on possède un polynôme annulateur ?;0;;
12;réduction;que peut-on dire de la somme des sous-espaces propres d'un endomorphisme ?;0;;
12;réduction;dimension s.e.p. et multiplicité ?;0;;
12;réduction;CNS diagonalisation par polynôme caractéristique;0;;
12;réduction;polynôme caractéristique scindé à racines simples ssi diagonalisable ?;0;;
12;réduction;que dire d'un endomorphisme diagonalisable avec une seule v.a.p. ?;0;;
12;réduction;rapport entre polynôme minimal et polynôme caractéristique ?;0;;
12;réduction;un projecteur est toujours diagonalisable ?;0;;
12;réduction;une symétrie est toujours diagonalisable ?;0;;
12;réduction;que peut-on dire du polynôme caractéristique d'un endomorphisme induit ?;0;;
12;réduction;2 matrices semblables ont-elles le même polynôme minimal ? Et pourquoi ?;0;;
12;réduction;CNS trigonalisation par polynôme caractéristique;0;;
12;réduction;comment trigonaliser en pratique ?;0;;
12;réduction;CNS diagonalisation par polynôme annulateur;0;;
12;réduction;CNS diagonalisation par polynôme minimal;0;;
12;réduction;rapport entre spectre et racines d'un polynôme annulateur ?;0;;
12;réduction;rapport entre spectre et racines du polynôme minimal ? ;0;;
12;réduction;définition d'un sous-espace caractéristique d'un endomorphisme en dimension finie ?;0;;
12;réduction;dimension d'un sous-espace caractéristique d'un endomorphisme en dimension finie ?;0;;
12;réduction;que peut-on dire de la somme des sous-espaces caractéristiques d'un endomorphisme ? Sous quelles hypothèses ?;0;;
14;suites/séries de fonctions;définition CVS et CVU d'une suite (f_n) de fonctions;0;;
14;suites/séries de fonctions;comment montrer en pratique la CVU d'une suite de fonctions ?;0;;
14;suites/séries de fonctions;comment montrer en pratique la non CVU d'une suite de fonctions ?;0;;
14;suites/séries de fonctions;théorème de continuité pour une suite de fonctions;0;;
14;suites/séries de fonctions;théorème de double limite pour une suite de fonctions;0;;
14;suites/séries de fonctions;théorème d'intégration pour une suite de fonctions (par CVU);0;;
14;suites/séries de fonctions;théorème de classe C^1 pour une suite de fonctions;0;;
14;suites/séries de fonctions;théorème de classe C^k pour une suite de fonctions;0;;
14;suites/séries de fonctions;définition CVS et CVU d'une série de fonctions;0;;
14;suites/séries de fonctions;définition CVN d'une série de fonctions;0;;
14;suites/séries de fonctions;rapport entre CVS, CU et CVN pour une série de fonctions;0;;
14;suites/séries de fonctions;comment montrer en pratique la CVU d'une série de fonctions (termes tous positifs) ?;0;;
14;suites/séries de fonctions;théorème de continuité pour une série de fonctions ;0;;
14;suites/séries de fonctions;théorème de double limite("échange série limite") pour une série de fonctions;0;;
14;suites/séries de fonctions;théorème d'intégration pour une série de fonctions (par CVU);0;;
14;suites/séries de fonctions;théorème de classe C^1 pour une série de fonctions;0;;
14;suites/séries de fonctions;théorème de classe C^k pour une série de fonctions;0;;
14;suites/séries de fonctions;comment montrer en pratique la CVU d'une série de fonctions (termes complexes) ?;0;;
14;suites/séries de fonctions;comment montrer en pratique la CVU d'une série de fonctions (termes de signe alterné) ?;0;;
14;suites/séries de fonctions;la somme S d'une série de fonctions est continue sur |R et on doit montrer la classe C1 sur |R*, sur quel(s) intervalle(s) travaillez-vous alors ?;0;;
15;séries entières;lemme d'Abel (séries entières);0;;
15;séries entières;définition(s) du rayon de convergence d'une série entière;0;;
15;séries entières;règle de d'Alembert (séries entières);0;;
15;séries entières;comment calculer en pratique le rayon de convergence d'une SE ?;0;;
15;séries entières;si |a_n| est inférieur à |b_n|, est-ce que le r. de c. de la SE R_a est plus petit ou plus grand que R_b ?;0;;
15;séries entières;type de convergence d'une série entière ? Et dans quelles zones du plan ou de |R ?;0;;
15;séries entières;rayon de convergence d'une somme de 2 SE ?;0;;
15;séries entières;quel DSE usuel possède 1/n! comme coefficient général ?;0;;
15;séries entières;quel DSE usuel possède a_n=1 comme coefficient général ?;0;;
15;séries entières;énoncer le théorème d'Abel radial (pour les séries entières);0;;
15;séries entières;De quelle classe est la fonction somme d'une série entière ? Et dans quel domaine ?;0;;
15;séries entières;comment montrer en pratique que la somme d'une SE est continue sur le segment [0,R] ?;0;;
15;séries entières;rayon de convergence du produit d'une SE par un scalaire ?;0;;
15;séries entières;rayon de convergence du produit de 2 SE ?;0;;
15;séries entières;comment faire en pratique le produit de Cauchy de 2 SE ?;0;;
15;séries entières;comment montrer en pratique qu'une fonction d'une variable réelle est développable en série entière ?;0;;
15;séries entières;sur quels types d'intervalle peut-on intégrer terme à terme sans justification une série entière ?;0;;
15;séries entières;DSE et rayon de Arctan(x);0;;
15;séries entières;DSE et rayon de sin(x);0;;
15;séries entières;DSE et rayon de cos(x);0;;
15;séries entières;DSE et rayon de exp(x);0;;
15;séries entières;DSE et rayon de ch(x);0;;
15;séries entières;DSE et rayon de sh(x);0;;
15;séries entières;DSE et rayon de 1/(1-x);0;;
15;séries entières;DSE et rayon de 1/(1+x);0;;
15;séries entières;DSE et rayon de (1+x)^α;0;;
15;séries entières;DSE et rayon de ln(1+x);0;;
15;séries entières;DSE et rayon de ln(1-x);0;;
15;séries entières;quel DSE usuel possède (-1)^n/n! comme coefficient général ?;0;;
15;séries entières;quel DSE usuel possède 1/(2n)! comme coefficient général ?;0;;
15;séries entières;quel DSE usuel possède (-1)^n/(2n)! comme coefficient général ?;0;;
15;séries entières;quel DSE usuel possède 1/n comme coefficient général ?;0;;
15;séries entières;quel DSE usuel possède (-1)^n/n comme coefficient général ?;0;;
15;séries entières;quel DSE usuel possède (-1)^n/(2n+1) comme coefficient général ?;0;;
15;séries entières;quel DSE usuel possède 1/(2n+1) comme coefficient général ?;0;;
15;séries entières;quel DSE usuel possède 1/(2n+1)! comme coefficient général ?;0;;
15;séries entières;quel DSE usuel possède (-1)^n/(2n+1)! comme coefficient général ?;0;;
15;séries entières;quel DSE usuel possède a_n=(-1)^n comme coefficient général ?;0;;
15;séries entières;si |a_n| est plus petit que 1, que dire du rayon de convergence R_a de la série des a_n x^n ?;0;;
15;séries entières;quel rapport entre Taylor et les séries entières ?;0;;
16;Espaces préhilbertiens;définition d'un produit scalaire;0;;
16;Espaces préhilbertiens;des vecteurs 2 à 2 orthogonaux sont libres ?;0;;
16;Espaces préhilbertiens;énoncer le théorème de Pythagore;0;;
16;Espaces préhilbertiens;définition de l'orthogonal d'une partie;0;;
16;Espaces préhilbertiens;l'orthogonal d'une partie est-il toujours un sous espace vectoriel ?;0;;
16;Espaces préhilbertiens;relation entre F (sev d'un espace E préhilbertien) et son double orthogonal F┴┴ ?;0;;
16;Espaces préhilbertiens;définition du produit scalaire usuel dans l'espace des matrices réelles ?;0;;
16;Espaces préhilbertiens;que vaut le produit scalaire de 2 matrices <A, B> en fonction des coefficients a_(i,j) et b_(i,j) ?;0;;
16;Espaces préhilbertiens;que vaut le carré de la norme usuelle ||A||^2 d'une matrice en fonction de ses coefficients a_(i,j) ?;0;;
16;Espaces préhilbertiens;définition d'un projecteur orthogonal (dans un espace préhilbertien);0;;
16;Espaces préhilbertiens;inégalité de Cauchy-Schwarz;0;;
16;Espaces préhilbertiens;identité de polarisation (espaces préhilbertiens);0;;
16;Espaces préhilbertiens;si E est un espace préhilbertien, qu'est-ce que l'orthogonal de E : E┴ ?;0;;
16;Espaces préhilbertiens;relation entre produit scalaire et norme associée, polarisation;0;;
16;Espaces préhilbertiens;définition d'un espace euclidien;0;;
16;Espaces préhilbertiens;définition d'une base orthonormée;0;;
16;Espaces préhilbertiens;exemples de base orthonormée dans |R^n, dans M_(n,p)(|R);0;;
16;Espaces préhilbertiens;que vaut la norme d'un vecteur dans une base orthonormée (en fonction des coordonnées du vecteur) ?;0;;
16;Espaces préhilbertiens;que vaut le produit scalaire de 2 vecteurs dans une base orthonormée (en fonction des coordonnées des vecteurs)?;0;;
16;Espaces préhilbertiens;comment écrire le produit scalaire usuel de 2 vecteurs à l'aides des matrices-colonnes les représentant ?;0;;
16;Espaces préhilbertiens;comment écrire le carré de norme euclidienne d'un vecteur à l'aide de la matrice-colonne le représentant ?;0;;
16;Espaces préhilbertiens;Expression d'une projection orthogonale;0;;
16;Espaces préhilbertiens;Distance d'un vecteur à un sev de dimension finie d'un espace préhilbertien (définition + théorème);0;;
16;Espaces préhilbertiens;condition pour qu'un sev F et son orthogonal soient supplémentaires dans un espace préhilbertien E ?;0;;
16;Espaces préhilbertiens;inégalité de Bessel (espaces préhilbertiens);0;;
16;Espaces préhilbertiens;comment déterminer la projection orthogonale d'un vecteur x sur un sev F de petite dimension ?;0;;
16;Espaces préhilbertiens;faire un dessin de projection orthogonale en dimension 2;0;;
16;Espaces préhilbertiens;théorème d'orthonormalisation de Schmidt;0;;
16;Espaces préhilbertiens;si on utilise l'orthonormalisation de Schmidt dans K[X] pour la base canonique (X^k)_k, que peut-on dire (degré, etc) de la famille (P_k) obtenue ?;0;;
17;espaces euclidiens;définition de l'adjoint d'un endomorphisme ;0;;
17;espaces euclidiens;adjoint de fog ?;0;;
17;espaces euclidiens;adjoint de l'adjoint d'un endomorphisme ? ;0;;
17;espaces euclidiens;matrice de l'adjoint d'un endomorphisme ? Sous quelles hypothèses ?;0;;
17;espaces euclidiens;Si un s.e.v. F est stable par un endomorphisme u, que peut-on dire de son orthogonal pour u* ?;0;;
17;espaces euclidiens;définition d'une matrice orthogonale;0;;
17;espaces euclidiens;énoncer différentes caractérisations d'une matrice orthogonale ;0;;
17;espaces euclidiens;déterminant d'une matrice orthogonale ?;0;;
17;espaces euclidiens;quel rapport entre matrice orthogonale et changement de base ?;0;;
17;espaces euclidiens;que peut-on dire des colonnes d'une matrice orthogonale ?;0;;
17;espaces euclidiens;en pratique comment montrer qu'une matrice est orthogonale ? ;0;;
17;espaces euclidiens;que peut-on dire des coefficients d'une matrice orthogonale ?;0;;
17;espaces euclidiens;quels sont les éléments du groupe orthogonal O2(|R) ?;0;;
17;espaces euclidiens;adjoint d'une isométrie ?;0;;
17;espaces euclidiens;adjoint d'un endomorphisme symétrique ?;0;;
17;espaces euclidiens;définition d'une isométrie;0;;
17;espaces euclidiens;énoncer différentes caractérisations d'une isométrie;0;;
17;espaces euclidiens;un projecteur orthogonal est-il un endomorphisme orthogonal ? ;0;;
17;espaces euclidiens;un projecteur orthogonal est-il un endomorphisme autoadjoint ?;0;;
17;espaces euclidiens;définition du groupe spécial orthogonal (espaces euclidiens);0;;
17;espaces euclidiens;valeurs propres éventuelles d'une matrice orthogonale ?;0;;
17;espaces euclidiens;un endomorphisme orthogonal est-il bijectif ?;0;;
17;espaces euclidiens;écrire la matrice, en b.o.n. (éventuellement bien choisie), d'une rotation du plan ;0;;
17;espaces euclidiens;écrire la matrice, en b.o.n. (éventuellement bien choisie), d'une rotation autour d'un axe dans l'espace |R^3;0;;
17;espaces euclidiens;à quelle matrice (simple) une matrice de O3(|R) est-elle orthogonalement semblable ?;0;;
17;espaces euclidiens;comment savoir la nature géométrique d'une isométrie en dimension 2 ?;0;;
17;espaces euclidiens;comment savoir la nature géométrique d'une isométrie en dimension 3 ?;0;;
17;espaces euclidiens;définition d'un endomorphisme autoadjoint;0;;
17;espaces euclidiens;quel rapport entre matrice symétrique et endomorphisme autoadjoint ?;0;;
17;espaces euclidiens;énoncer différentes caractérisations du fait qu'un endomorphisme d'un espace euclidien est autoadjoint;0;;
17;espaces euclidiens;énoncé du théorème spectral (espaces euclidiens);0;;
17;espaces euclidiens;quel rapport entre matrice orthogonale et endomorphisme orthogonal ?;0;;
17;espaces euclidiens;image d'une base orthonormée par un endomorphisme orthogonal ?;0;;
17;espaces euclidiens;que peut-on dire d'une matrice réelle, à la fois orthogonale et symétrique ?;0;;
17;espaces euclidiens;que peut-on dire du polynôme caractéristique d'un endomorphisme autoadjoint ?;0;;
17;espaces euclidiens;en pratique, comment montrer que les valeurs propres d'un endomorphisme autoadjoint sont positives ?;0;;
17;espaces euclidiens;si A est une matrice symétrique réelle à spectre inclus dans |R+, que peut-on dire (et pourquoi) de (X^T)*A*X pour X matrice colonne ? (X^T est la transposée de X) ;0;;
17;espaces euclidiens;si A est dans Sn(|R) et que (X^T)*A*X est positif pour toute matrice colonne X, que peut-on dire du spectre de A et pourquoi ? (X^T est la transposée de X);0;;
17;espaces euclidiens;définition d'un endomorphisme autoadjoint positif ?;0;;
17;espaces euclidiens;définition d'un endomorphisme autoadjoint défini positif ?;0;;
17;espaces euclidiens;si u est un endo d'un espace euclidien E et x un vecteur de E, comment écrire matriciellement le produit scalaire <u(x), x> ?;0;;
17;espaces euclidiens;comment s'écrit matriciellement le carré de norme euclidienne ||u(x)||^2 de l'image d'un vecteur x par un endomorphisme u ?;0;;
17;espaces euclidiens;Si A est une matrice réelle, pourquoi Ker(A)=Ker((A^T)*A) ? (avec (A^T) la transposée de A);0;;
17;espaces euclidiens;définition de Sn^+(|R) ?;0;;
17;espaces euclidiens;définition de Sn^(++)(|R) ?;0;;
18;intégrale à paramètre;théorème de continuité pour une intégrale à paramètre;0;;
18;intégrale à paramètre;théorème de classe C1 pour une intégrale à paramètre;0;;
18;intégrale à paramètre;théorème de classe Ck pour une intégrale à paramètre;0;;
18;intégrale à paramètre;domaine de définition de la fonction Gamma d'Euler (Gamma(x)=intégrale pour t entre 0 et +inf de exp(-t)*t^(x-1)) ?;0;;
18;intégrale à paramètre;une intégrale F dépendant d'un paramètre x réel est continue sur |R+ et on doit montrer sa classe C1 sur |R+* : comment faites-vous ?;0;;
18;intégrale à paramètre;une intégrale F dépendant d'un paramètre x réel est définie sur |R+ et on doit chercher sa limite quand x tend vers +inf : comment faites-vous ?;0;;
18;intégrale à paramètre;théorème de convergence dominée pour une suite de fonctions (f_n) sur un intervalle I;0;;
18;intégrale à paramètre;théorème d'intégration terme à terme pour  une série de fonction ∑ f_n sur un intervalle I;0;;
19;Calcul différentiel; comment trouver la limite éventuelle d'une fonciton de plusieurs variables ?;0;;
19;Calcul différentiel; comment étudier la continuité en un point d'une fonction de plusieurs variables ?;0;;
19;Calcul différentiel; définition de la différentielle d'une fonction de plusieurs variables;0;;
19;Calcul différentiel; rapport entre différentielle et dérivées partielles pour une fonction de plusieurs variables;0;;
19;Calcul différentiel; définition de la classe C1 d'une fonction de plusieurs variables;0;;
19;Calcul différentiel; définition de la dérivée suivant un vecteur d'une fonction de plusieurs variables;0;;
19;Calcul différentiel; rapport entre différentiabilité, classe C1, dérivées partielles pour une fonction de plusieurs variables;0;;
19;Calcul différentiel; comment étudier l'existence de dérivées partielles en un point d'une fonction de plusieurs variables ?;0;;
19;Calcul différentiel; expression de la différentielle df d'une fonction de plusieurs variables à l'aide des dérivées partielles;0;;
19;Calcul différentiel; définition d'une matrice jacobienne;0;;
19;Calcul différentiel; matrice jacobienne d'une composée fog de 2 fonctions;0;;
19;Calcul différentiel; comment calculer des dérivées partielles composées d'ordre 1 ? (pour f o phi);0;;
19;Calcul différentiel; si f(x,y)=g(r,theta) représentent la même expression en cartésiennes et en polaires, peut-on calculer les dérivées partielles de g à l'aide de celles de f ou le contraire ?;0;;
19;Calcul différentiel; si f(x,y)=g(r,theta) représentent la même expression en cartésiennes et en polaires, que vaut dg/dr ? (dérivée partielle d'ordre 1);0;;
19;Calcul différentiel; définition d'un point critique d'une fonction de plusieurs variables;0;;
19;Calcul différentiel; rapport entre extremum et point critique pour une fonction réelle de plusieurs variables;0;;
19;Calcul différentiel; en pratique, comment trouver les extremums d'une fonction réelle de plusieurs variables ?;0;;
19;Calcul différentiel; énoncer le théorème d'optimisation d'une fonction sous une contrainte;0;;
19;Calcul différentiel; définition de la matrice hessienne;0;;
19;Calcul différentiel; énoncé de la formule de Taylor-Young à l'ordre 2 pour une fonction de plusieurs variables;0;;
19;Calcul différentiel; comment déterminer la nature d'un point critique d'une fonction de plusieurs variables à l'aide de la matrice hessienne ?;0;;
19;Calcul différentiel; définition du gradient d'une fonction de plusieurs variables;0;;
19;Calcul différentiel; que vaut le gradient d'une fonction de plusieurs variables en un point critique ?;0;;
19;Calcul différentiel; théorème de Schwarz pour les fonctions de plusieurs variables;0;;
19;Calcul différentiel; Définition d'un vecteur tangent à une partie X;0;;
20;Équations différentielles;théorème de Cauchy pour une EDL1;0;;
20;Équations différentielles;théorème de Cauchy pour une EDL2;0;;
20;Équations différentielles;structure de l'ensemble des solutions d'une EDL1 ?;0;;
20;Équations différentielles;structure de l'ensemble des solutions d'une EDL1H ?;0;;
20;Équations différentielles;structure de l'ensemble des solutions d'une EDL2 ?;0;;
20;Équations différentielles;structure de l'ensemble des solutions d'une EDL2H ?;0;;
20;Équations différentielles;solutions d'une EDL2H : y''+ay'+by=0 à coefficients constants ?;0;;
20;Équations différentielles;méthode de variation de la constante pour une EDL1;0;;
20;Équations différentielles;méthode de variation des constantes pour une EDL2;0;;
20;Équations différentielles;définition du wronskien pour une EDL2;0;;
20;Équations différentielles;ensemble des solutions de l'équa diff : y''+ 2y' + y =0 ?;0;;
20;Équations différentielles;ensemble des solutions de l'équa diff : y''+ 3y' + 2y =0 ?;0;;
20;Équations différentielles;ensemble des solutions (complexes puis réelles) de l'équa diff : y''+ y =0 ?;0;;
20;Équations différentielles;ensemble des solutions complexes puis réelles) de l'équa diff : y''- 2y' + 2y =0 ?;0;;
20;Équations différentielles;définition système fondamental de solutions pour un SDL1 (système diff);0;;
20;Équations différentielles;structure de l'ensemble des solutions d'un SDL1 ? (système diff);0;;
20;Équations différentielles;structure de l'ensemble des solutions d'un SDL1H ? (système diff);0;;
20;Équations différentielles;comment résoudre en pratique un SDL1 (système diff) à coefficients constants ?;0;;
20;Équations différentielles;Si A est une matrice diagonalisable avec (X1,…,Xn) comme base de vep, donner les solutions du SDL1H associé : X'=AX;0;;
20;Équations différentielles;théorème de Cauchy pour un SDL1;0;;
20;Équations différentielles;Pour une EDL2H scalaire, comment obtenir toutes les solutions à partir d'une solution phi1 qui ne s'annule pas ?;0;;
21;Probabilités;définition d'une probabilité;0;;
21;Probabilités;définition d'un système complet d'évènements (en probas);0;;
21;Probabilités;définition d'une tribu (en probas);0;;
21;Probabilités;définition d'une probabilité conditionnelle P(A|B);0;;
21;Probabilités;formule des probabilités composées;0;;
21;Probabilités;formule de Bayes (probas);0;;
21;Probabilités;formule des probabilités totales;0;;
21;Probabilités;rapport entre proba conditionnelle et évènements indépendants ?;0;;
21;Probabilités;continuité monotone (en probas);0;;
21;Probabilités;définition d'un événement négligeable (en probas);0;;
21;Probabilités;définition d'un événement presque sûr (en probas);0;;
21;Probabilités;définition de l'indépendance de 2 évènements (en probas);0;;
21;Probabilités;définition de l'indépendance mutuelle de n évènements (en probas);0;;
21;Probabilités;À quelle condition une famille (pk) définit-elle une distribution de probabilités discrète ?;0;;
21;Probabilités;Définition d'un ensemble dénombrable, exemples ?;0;;
22;Variables aléatoires;définition d'une v.a.r. (en probas);0;;
22;Variables aléatoires;définition de la loi d'une v.a.r. (en probas);0;;
22;Variables aléatoires;définition de la loi conjointe d'un couple de v.a.r. (en probas);0;;
22;Variables aléatoires;rapport entre loi conjointe et lois marginales (en probas);0;;
22;Variables aléatoires;définition de l'indépendance de 2 v.a.r. (en probas);0;;
22;Variables aléatoires;définition de l'indépendance de n v.a.r. (en probas);0;;
22;Variables aléatoires;si X1, …,Xn sont des v.a.r. indépendantes, est-ce qu'une fonction de X1,X2 est indépendante de X3,…,Xp ?;0;;
22;Variables aléatoires;définition de la loi uniforme (en probas);0;;
22;Variables aléatoires;définition de la loi binomiale (en probas);0;;
22;Variables aléatoires;définition de la loi de Bernoulli (en probas);0;;
22;Variables aléatoires;interprétation "pratique" de la loi de Bernoulli (en probas) ?;0;;
22;Variables aléatoires;interprétation "pratique" de la loi binomiale (en probas) ?;0;;
22;Variables aléatoires;comment expliquer la loi binomiale à l'aide de la loi de Bernoulli ? (en probas);0;;
22;Variables aléatoires;définition de la loi géométrique (en probas);0;;
22;Variables aléatoires;interprétation "pratique" de la loi géométrique (en probas) ?;0;;
22;Variables aléatoires;définition de la loi de Poisson (en probas);0;;
22;Variables aléatoires;convergence de la loi de Poisson vers la loi binomiale, ou le contraire ? Et dans quelles circonstances ?;0;;
22;Variables aléatoires;définition de l'espérance d'une v.a.r.;0;;
22;Variables aléatoires;qu'est-ce qu'une v.a.r. d'espérance finie ?;0;;
22;Variables aléatoires;espérance d'une v.a.r. suivant une loi de Bernoulli ?;0;;
22;Variables aléatoires;espérance d'une v.a.r. suivant une loi binomiale ?;0;;
22;Variables aléatoires;espérance d'une v.a.r. suivant une loi géométrique ?;0;;
22;Variables aléatoires;espérance d'une v.a.r. suivant une loi de Poisson ?;0;;
22;Variables aléatoires;propriétés du calcul d'espérance (en probas);0;;
22;Variables aléatoires;quel rapport pour une v.a.r. à valeurs dans IN, entre E(X) et les P(X ≥  n) ?;0;;
22;Variables aléatoires;formule de transfert (en probas);0;;
22;Variables aléatoires;espérance d'un produit de v.a.r. et indépendance;0;;
22;Variables aléatoires;définition d'un moment d'ordre 2 pour une v.a.r. (en probas);0;;
22;Variables aléatoires;rapport entre existence d'un moment d'ordre 1 et d'un moment d'ordre 2 pour une v.a.r. (en probas);0;;
22;Variables aléatoires;condition d'existence de la variance d'une v.a.r.;0;;
22;Variables aléatoires;définition de la variance d'une v.a.r.;0;;
22;Variables aléatoires;formule de Kœnig-Huygens (en probas);0;;
22;Variables aléatoires;propriétés du calcul de la variance;0;;
22;Variables aléatoires;V(aX+b) = ? (en probas);0;;
22;Variables aléatoires;variance d'une constante ?;0;;
22;Variables aléatoires;inégalité de Cauchy-Schwarz (pour des v.a.r.);0;;
22;Variables aléatoires;pourquoi la variance d'une v.a.r. est-elle toujours positive ?;0;;
22;Variables aléatoires;que dire d'une v.a.r. de variance nulle ?;0;;
22;Variables aléatoires;variance d'une v.a.r. suivant une loi de Bernoulli ?;0;;
22;Variables aléatoires;variance d'une v.a.r. suivant une loi binomiale ?;0;;
22;Variables aléatoires;variance d'une v.a.r. suivant une loi géométrique ?;0;;
22;Variables aléatoires;variance d'une v.a.r. suivant une loi de Poisson ?;0;;
22;Variables aléatoires;définition de la covariance (en probas);0;;
22;Variables aléatoires;condition d'existence de la covariance de 2 v.a.r. ?;0;;
22;Variables aléatoires;covariance de 2 v.a.r. et indépendance ?;0;;
22;Variables aléatoires;variance d'une somme de v.a.r. indépendantes ?;0;;
22;Variables aléatoires;variance d'une somme de v.a.r. pas forcément indépendantes ?;0;;
22;Variables aléatoires;inégalité de Markov (probas);0;;
22;Variables aléatoires;inégalité de Bienaymé-Tchebychev (probas);0;;
22;Variables aléatoires;loi faible des grands nombres (probas);0;;
22;Variables aléatoires;Si A est un événement, que vaut l'espérance de sa fonction indicatrice 1_A ? (qui vaut 1 si on est dans A, 0 sinon);0;;
22;Variables aléatoires;définition de la fonction génératrice d'une v.a.r. ?;0;;
22;Variables aléatoires;propriétés de la fonction génératrice d'une v.a.r. en tant que série entière;0;;
22;Variables aléatoires;fonction génératrice d'une loi de Bernoulli ? (probas);0;;
22;Variables aléatoires;fonction génératrice d'une loi binomiale ? (probas);0;;
22;Variables aléatoires;fonction génératrice d'une loi géométrique ? (probas);0;;
22;Variables aléatoires;fonction génératrice d'une loi de Poisson ? (probas);0;;
22;Variables aléatoires;rapport entre la loi d'une v.a.r. et sa fonction génératrice ?;0;;
22;Variables aléatoires;rapport entre fonction génératrice d'une v.a.r. et espérance ?;0;;
22;Variables aléatoires;Comment calculer la variance à partir de la fonction génératrice ?;0;;
22;Variables aléatoires;fonction génératrice d'une somme de v.a.r. ?;0;;