numero_chapitre;chapitre;√©nonc√©;nb_sortie;reponse;
1;fonctions;position du graphe par rapport √† une tangente pour une fonction convexe;0;Cf est au-dessus de ses tangentes;
1;fonctions;position du graphe par rapport √† une corde (=segment) pour une fonction convexe;0;la corde est au dessus de Cf;
1;fonctions;position du graphe par rapport √† une tangente pour une fonction concave;0;Cf en dessous de ses tangentes;
1;fonctions;position du graphe par rapport √† une corde (=segment) pour une fonction concave;0;Cf au dessus de ses cordes;
1;fonctions;in√©galit√© √† n points pour une fonction convexe;0; in√©galit√© de Jensen : ‚àÄ(Œª‚ÇÅ,..., Œª‚Çô) ‚àà [0;1] tq  Œ£‚Çñ‚Çå‚ÇÅ‚ÅøŒª‚Çñ = 1, ‚àÄ(x‚ÇÅ,..., x‚Çô) ‚àà Df, f(Œ£‚Çñ‚Çå‚ÇÅ‚Åø Œª‚Çñ x‚Çñ) ‚â§ Œ£‚Çñ‚Çå‚ÇÅ‚Åø Œª‚Çñ f(x‚Çñ);
1;fonctions;la fonction ln est-elle convexe ? Concave ?;0;Concave car sa d√©riv√©e seconde est n√©gative, ou alors comme fonction r√©ciproque d'une fonction convexe (exponentielle);
1;fonctions;une fonction puissance x‚ü∂x‚Åø , n ‚àà ‚Ñ§ est-elle convexe ? Concave ? Sur ‚Ñù puis sur ‚Ñù‚Å∫;0;Pour n pair, x‚ü∂x‚Åø est convexe sur ‚Ñù‚Å∫ et sur ‚Ñù‚Åª et l'est sur ‚Ñù si n ‚â• 0. \n Pour n impair, x‚ü∂x‚Åø est concave sur ‚Ñù‚Åª, convexe sur ‚Ñù‚Å∫ mais rien sur ‚Ñù; 
1;fonctions;quelle in√©galit√© a-t-on entre ln(1+x) et x ?;0;;Par analyse de fonction ou par concavit√© du ln ou par Taylor reste int√©gral √† l'ordre 2 en x=0, on peut d√©montrer que ‚àÄx ‚â• 0, ln(1+x) ‚â§ x
1;fonctions;quelle in√©galit√© a-t-on entre eÀ£ et 1+x ?;0;‚àÄx ‚àà ‚Ñù, eÀ£ ‚â• 1+x;
1;fonctions;quelle in√©galit√© a-t-on entre sin(x) et x ?;0;‚àÄx ‚àà ‚Ñù‚Å∫, sin(x) ‚â§ x et on a aussi par IAF : ‚àÄx ‚àà ‚Ñù, |sin(x)| ‚â§ |x|;
1;fonctions;comment montrer en pratique qu'une fonction f est convexe ou concave ?;0;En pratique, on v√©rifie que f est C¬≤ et si c'est le cas, on √©tudie le signe de f''. f est convexe (resp. concave) sur les intervalles o√π f'' est positive (resp. n√©gative). Si elle n'est que C¬π, ... ;
1;fonctions;rapport entre convexit√© et d√©riv√©e d'ordre 1 pour une fonction;0;;
1;fonctions;rapport entre concavit√© et d√©riv√©e d'ordre 2 pour une fonction;0;;
1;fonctions;th√©or√®me de Rolle;0;soient a , b ‚àà ‚Ñù, a < b, f continue sur [a, b], d√©rivable sur ]a, b[ , f(a) = f(b) ‚üπ ‚àÉ c ‚àà ]a, b[, f'(c) = 0;
1;fonctions;TAF;0;soient a , b ‚àà ‚Ñù, a < b, f continue sur [a, b], d√©rivable sur ]a, b[ ‚üπ ‚àÉ c ‚àà ]a, b[, (f(b) - f(a)) = (b - a)f'(c);
1;fonctions;IAF;0;;
1;fonctions;Taylor-Young;0;;
1;fonctions;Taylor reste int√©gral;0;;
1;fonctions;in√©galit√© de Taylor Lagrange;0;;
1;fonctions;formule de Leibniz;0; soient f, g ‚àà D‚Åø ‚äÇ C‚Åø , alors le produit est d√©rivable n fois et (fg)‚ÅΩ‚Åø‚Åæ = Œ£‚Çñ‚Çå‚ÇÅ‚Åø (‚Çñ‚Åø)f‚ÅΩ·µè‚Åæg‚ÅΩ‚Åø‚Åª·µè‚Åæ ;
1;fonctions;th√©or√®me de la limite de la d√©riv√©e;0;;
1;fonctions;Vrai ou faux : pour une fonction f d√©finie sur un intervalle I, alors f est continue en un point int√©rieur a ssi les limites en a- et a+ sont finies et √©gales ?;0;;
1;fonctions;pour une fonction f de classe C1 sur un intervalle I, rapport entre monotonie stricte et signe de f' ?;0;;
1;fonctions;DL Arctan(x);0;;
1;fonctions;DL sin(x);0;;
1;fonctions;DL cos(x);0;‚àÄx ‚àà ùüÖ(0), cos(x) = 1 - x¬≤/2 + x‚Å¥/4! + ... + (-1)‚Åøx¬≤‚Åø/(2n)! + o(x¬≤‚Åø) ;
1;fonctions;DL tan(x) √† l'ordre 5;0;;
1;fonctions;DL exp(x);0;‚àÄx ‚àà ùüÖ(0), exp(x) = 1 + x + x¬≤/2 + ... + x‚Åø/n! + o(x‚Åø);
1;fonctions;DL ch(x);0;‚àÄx ‚àà ùüÖ(0), ch(x) = 1 + x¬≤/2 + x‚Å¥/4! + ... + x¬≤‚Åø/(2n)! + o(x¬≤‚Åø);
1;fonctions;DL sh(x);0;‚àÄx ‚àà ùüÖ(0), sh(x) = x + x¬≥/3! + ‚ãØ + x¬≤‚Åø‚Å∫¬π/(2n+1)! + o(x¬≤‚Åø‚Å∫¬π);
1;fonctions;DL 1/(1-x);0;‚àÄx ‚àà ùüÖ(0), 1/(1-x) = 1 + x + x¬≤ + ‚ãØ + x‚Åø + o(x‚Åø);
1;fonctions;DL 1/(1+x);0;;
1;fonctions;DL ln(1+x);0;;
1;fonctions;DL ln(1-x);0; ln(1 - x) = - x - x¬≤/2 - ... - x‚Åø/n + o(x‚Åø) ;
1;fonctions;DL (1+x)^Œ±;0;;
1;fonctions;d√©riv√©e Arcsin;0;;
1;fonctions;d√©riv√©e Arccos;0;;
1;fonctions;d√©riv√©e Arctan;0;;
1;fonctions;graphe Arcsin;0;;
1;fonctions;graphe Arccos;0;;
1;fonctions;graphe Arctan;0;;
1;fonctions;lin√©ariser cos¬≤(x);0; ‚àÄx ‚àà ‚Ñù cos¬≤(x) = (1 + cos(2x)) / 2;
1;fonctions;lin√©ariser sin¬≤(x);0; ‚àÄx‚àà‚Ñù, sin¬≤(x) = (1 - cos(2x))/2;
1;fonctions;exprimer sin(x) √† l'aide de t=tan(x/2);0;;
1;fonctions;exprimer cos(x) √† l'aide de t=tan(x/2);0;;
1;fonctions;exprimer tan(x) √† l'aide de t=tan(x/2);0;;
1;fonctions;sin(a+b)=?;0;sin(a+b) = sin(a)cos(b) - sin(b)cos(a);
1;fonctions;cos(a-b)=?;0;cos(a)cos(b) + sin(a)sin(b);
1;fonctions;cos(2x)=?;0;‚àÄ x ‚àà ‚Ñù, cos(2x) = cos¬≤(x) - sin¬≤(x) = 2cos¬≤(x) - 1 = 1 - 2sin¬≤(x);
1;fonctions;sin(2x)=?;0;‚àÄ x ‚àà ‚Ñù, sin(2x) = 2cos(x)sin(x);
1;fonctions;relation entre Arctan(x) et Arctan(1/x) ?;0; ‚àÄx‚àà‚Ñù*, Arctan(x) + Arctan(1/x) = signe(x) √ó œÄ/2;
1;fonctions;relation entre Arcsin(x) et Arccos(x) ?;0;;
1;fonctions;lin√©ariser cos(a)cos(b);0;;
1;fonctions;lin√©ariser sin(a)cos(b);0;;
1;fonctions;lin√©ariser sin(a)sin(b);0;;
1;fonctions;factoriser cos(p) + cos(q);0;;
2;suites num√©riques;Vrai/Faux : Si u_n - u_(n-1) tend vers 0, alors la suite (u_n) converge;0;;
2;suites num√©riques;comment √©tudier en pratique une suite r√©currente u_(n+1)=f(u_n) ?;0;;
2;suites num√©riques;d√©finition (avec epsilon) de la convergence d'une suite num√©rique ;0;;
2;suites num√©riques;th√©or√®me des suites monotones (suites num√©riques);0;;
2;suites num√©riques;th√©or√®mes des suites adjacentes;0;;
2;suites num√©riques;d√©finition des suites adjacentes;0;;
2;suites num√©riques;d√©finition de deux suites √©quivalentes;0;;
2;suites num√©riques;th√©or√®me de Bol‚Ñ§ano-Weierstrass (pour les suites num√©riques);0;;
2;suites num√©riques;pour une suite num√©rique, rapport entre convergente et born√©e;0;;
2;suites num√©riques;d√©finition d'une valeur d'adh√©rence pour une suite;0;;
2;suites num√©riques;rapport entre la convergence d'une suite (u_n) et celle des sous-suites des termes d'indice pair (u_(2n)) et impair (u_(2n+1));0;;
2;suites num√©riques;hypoth√®ses raisonnables pour que, si une suite r√©elle (u_n) converge vers a et si f est une fonction, alors (f(u_n)) converge vers f(a) ?;0;;
3;s√©ries num√©riques/familles sommables;lien suite-s√©rie;0;;
3;s√©ries num√©riques/familles sommables;Vrai ou faux : Si u_n tend vers 0, la s√©rie ‚àë u_n converge;0;;
3;s√©ries num√©riques/familles sommables;Nature de la s√©rie ‚àë 1/n^Œ±;0;;
3;s√©ries num√©riques/familles sommables;CNS pour que ‚àë q‚Åø converge et somme;0;Il faut que |q| < 1 est si tel est le cas alors Œ£ q‚Åø = 1 / (1 - q);
3;s√©ries num√©riques/familles sommables;formule de Stirling;0;C'est n! ‚àº n‚Åøe‚Åª‚Åø‚àö(2œÄn) = (n/e)‚Åø ‚àö(2œÄn);
3;s√©ries num√©riques/familles sommables;√©nonc√© du th√©or√®me comparaison s√©rie-int√©grale;0;;
3;s√©ries num√©riques/familles sommables;r√®gle de d'Alembert (s√©ries num√©riques);0;;
3;s√©ries num√©riques/familles sommables;√©nonc√© th√©or√®me de comparaison s√©ries num√©riques (avec ‚â§);0;;
3;s√©ries num√©riques/familles sommables;√©nonc√© th√©or√®me de comparaison s√©ries num√©riques (avec O);0;;
3;s√©ries num√©riques/familles sommables;√©nonc√© th√©or√®me des s√©ries altern√©es;0;;
3;s√©ries num√©riques/familles sommables;√©quivalent de H‚Çô ? (n-me somme partilelle de la s√©rie harmonique) Et comment le prouver rapidement ?;0;;
3;s√©ries num√©riques/familles sommables;nature de la s√©rie des ln(n)/n ? Et pourquoi ?;0;;
3;s√©ries num√©riques/familles sommables;nature de la s√©rie des 1/(n*ln(n)) ? Et pourquoi ?;0;;
3;s√©ries num√©riques/familles sommables;nature de la s√©rie des ln(n)/n¬≤ ? Et pourquoi ?;0;;
3;s√©ries num√©riques/familles sommables;d√©finition de la convergence d'une s√©rie num√©rique;0;;
3;s√©ries num√©riques/familles sommables;d√©finition de la convergence absolue d'une s√©rie;0;;
3;s√©ries num√©riques/familles sommables;exemple d'une s√©rie num√©rique convergente mais pas absolument convergente;0;;
3;s√©ries num√©riques/familles sommables;sommation des relations de comparaison, cas convergent;0;;
3;s√©ries num√©riques/familles sommables;sommation des relations de comparaison, cas divergent;0;;
3;s√©ries num√©riques/familles sommables;produit de Cauchy de deux s√©ries num√©riques;0;;
3;s√©ries num√©riques/familles sommables;d√©finition d'une famille sommable de r√©els positifs;0;;
3;s√©ries num√©riques/familles sommables;d√©finition d'une famille sommable de nombres r√©els ou complexes;0;;
3;s√©ries num√©riques/familles sommables;pour une suite (u_n) r√©elle ou complexe, condition pour que la famille (u_n) soit une famille sommable;0;;
3;s√©ries num√©riques/familles sommables;pour une suite (u_n) r√©elle positive, condition pour que la famille (u_n) soit une famille sommable;0;;
3;s√©ries num√©riques/familles sommables;th√©or√®me de sommation par paquet pour les familles de r√©els positifs;0;;
3;s√©ries num√©riques/familles sommables;th√©or√®me de sommation par paquet pour les familles de complexes;0;;
4;int√©gration;primitive de x ‚ü∂ 1/x;0;La fonction x ‚ü∂ ln(x) est une primitive de x ‚ü∂ 1/x;
4;int√©gration;primitive de x ‚ü∂ 1/(1+x¬≤);0;La fonction x ‚ü∂ Arctan(x) est une primitive de x ‚ü∂ 1/(1+x¬≤);
4;int√©gration;primitive de x ‚ü∂ 1/sqrt(1-x¬≤);0;La fonction x ‚ü∂ Arrsin(x) est une primitive de x ‚ü∂ 1/sqrt(1 - x¬≤);
4;int√©gration;d√©finition d'une somme de Riemann d'une fonction;0;;
4;int√©gration;th√©or√®me de convergence des sommes de Riemann  (attention, sommes, pas s√©ries);0;;
4;int√©gration;rapport entre la classe d'une fonction f et celle d'une de ses primitives F ?;0;;
4;int√©gration;Compl√©ter l'√©nonc√© : l'int√©grale d'une fonction ... est nulle si, et seulement si la fonction est nulle;0;;
4;int√©gration;th√©or√®me fondamental de l'analyse;0; Soient f continue par morceaux sur [a, b] et F une primitive de f, on a ‚à´‚Çê·µáf(x)dx = F(b) - F(a);
4;int√©gration;comment primitiver une fonction avec sqrt(x¬≤ + 1) ?;0;;
4;int√©gration;comment primitiver une fonction avec sqrt(x¬≤ - 1) ?;0;;
4;int√©gration;comment primitiver une fonction avec sqrt(1 - x¬≤) ?;0;;
4;int√©gration;r√®gles de Bioche ? (en int√©gration);0;;
4;int√©gration;formule de changement de variable pour une int√©grale sur un segment;0;;
4;int√©gration;int√©gration par parties sur un segment;0;;
5;espaces vectoriels norm√©s;d√©finition d'une norme;0;;
5;espaces vectoriels norm√©s;d√©finition d'un ouvert;0;;
5;espaces vectoriels norm√©s;ouverts stables par union/intersection finie/quelconque ?;0;;
5;espaces vectoriels norm√©s;d√©finition d'un ferm√©;0;;
5;espaces vectoriels norm√©s;ferm√©s stables par union/intersection finie/quelconque ?;0;;
5;espaces vectoriels norm√©s;d√©finition de la distance d'un point √† une partie;0;;
5;espaces vectoriels norm√©s;un singleton est ouvert ? Ferm√© ?;0;;
5;espaces vectoriels norm√©s;caract√©risation s√©quentielle d'un ferm√©;0;;
5;espaces vectoriels norm√©s;d√©finition d'un point int√©rieur √† une partie;0;;
5;espaces vectoriels norm√©s;d√©finition d'un point adh√©rent √† une partie;0;;
5;espaces vectoriels norm√©s;caract√©risation s√©quentielle d'un point adh√©rent;0;;
5;espaces vectoriels norm√©s;d√©finition d'une partie dense;0;;
5;espaces vectoriels norm√©s;l'adh√©rence d'une partie est un ferm√© ? Un ouvert ?;0;;
5;espaces vectoriels norm√©s;l'int√©rieur d'une partie est un ferm√© ? Un ouvert ?;0;;
5;espaces vectoriels norm√©s;√©quivalence des normes ?;0;;
5;espaces vectoriels norm√©s;caract√©risation s√©quentielle de la limite d'une fonction;0;;
5;espaces vectoriels norm√©s;caract√©risation s√©quentielle de la continuit√©;0;;
5;espaces vectoriels norm√©s;comment montrer en pratique que 2 normes sont √©quivalentes ?;0;;
5;espaces vectoriels norm√©s;comment montrer en pratique que 2 normes ne sont pas √©quivalentes (en dim infinie donc) ?;0;;
5;espaces vectoriels norm√©s;√©noncer le th√©or√®me de Heine;0;;
5;espaces vectoriels norm√©s;d√©finition de la continuit√© uniforme d'une fonction;0;;
5;espaces vectoriels norm√©s;rapport entre continuit√© globale et continuit√© uniforme;0;;
5;espaces vectoriels norm√©s;d√©finition d'une partie convexe;0;;
5;espaces vectoriels norm√©s;d√©finition d'une fonction lipschit‚Ñ§ienne;0;;
5;espaces vectoriels norm√©s;lien entre fonction lip. et continuit√© uniforme;0;;
5;espaces vectoriels norm√©s;caract√©risation de la continuit√© d'une application lin√©aire;0;;
5;espaces vectoriels norm√©s;continuit√© d'une application lin√©aire en dimension ?...;0;;
5;espaces vectoriels norm√©s;d√©finition de la norme subordonn√©e d'une application lin√©aire;0;;
5;espaces vectoriels norm√©s;pour une application lin√©aire u et un vecteur x, quel rapport entre les normes ‚Äñu(x)‚Äñ, ‚Äñx‚Äñ et la norme subordonn√©e ‚¶Äu‚¶Ä ?;0;;
5;espaces vectoriels norm√©s;quel rapport entre une valeur propre lambda d'un endomorphisme u et la norme subordonn√©e ‚¶Äu‚¶Ä ?;0;;
5;espaces vectoriels norm√©s;que dire de la norme subordonn√©e ‚¶Äu + v‚¶Ä  d'une somme ?;0;‚¶Äu + v‚¶Ä ‚â§ ‚¶Äu‚¶Ä √ó ‚¶Äv‚¶Ä par in√©galit√© triangulaire;
5;espaces vectoriels norm√©s;que dire de la norme subordonn√©e ‚¶Äu ‚àò v‚¶Ä  de la compos√©e ?;0;‚¶Äu ‚àò v‚¶Ä ‚â§ ‚¶Äu‚¶Ä √ó ‚¶Äv‚¶Ä par sous-multiplicit√©;
5;espaces vectoriels norm√©s;d√©finition d'un compact;0;A est compact si ‚àÄ(a‚Çô) ‚àà A·¥∫, ‚àÉ (a·µ©‚Çç‚Çô‚Çé), a·µ©‚Çç‚Çô‚Çé ‚ü∂ l ‚àà A;
5;espaces vectoriels norm√©s;Vrai / Faux : compact=ferm√© born√© ?;0; Seulement en dimension finie, en dimension quelconque un compact est ferm√© et born√© mais la r√©ciproque n'est pas forc√©ment vraie;
5;espaces vectoriels norm√©s;une fonction continue sur un compact est ?;0;;
5;espaces vectoriels norm√©s;GL‚Çô(‚Ñù) est ferm√©, ouvert, compact ?;0; GL‚Çô(‚Ñù) est un ouvert car GL‚Çô(‚Ñù) = det‚Åª¬π(‚Ñù*) et ‚Ñù* ouvert et det continue;
5;espaces vectoriels norm√©s;pourquoi une boule ferm√©e est-elle un ferm√© ?;0;;
5;espaces vectoriels norm√©s;comment montrer en pratique qu'une partie est compacte ?;0;;
6;int√©gration intervalle quelconque;d√©finition de l'int√©grabilit√© d'une fonction  quelconque (r√©elle ou complexe);0;;
6;int√©gration intervalle quelconque;d√©finition de l'int√©grale de f sur [a,+‚àû[ converge;0;;
6;int√©gration intervalle quelconque;convergence de l'int√©grale de 1/x^a sur [1,+‚àû[  ?;0;;
6;int√©gration intervalle quelconque;convergence de l'int√©grale de e^{-ax} sur [0,+‚àû[ (et valeur √©ventuelle) ?;0;;
6;int√©gration intervalle quelconque;si f est int√©grable sur [a, +‚àû[, alors f tend vers 0 en + ‚àû ?;0;;
6;int√©gration intervalle quelconque;La fonction ln est-elle int√©grable sur ]0,1] ? Pourquoi ?;0;;
6;int√©gration intervalle quelconque;int√©grabilit√© des fonctions de Riemann ?;0;;
6;int√©gration intervalle quelconque;√©nonc√© d'un th√©or√®me de comparaison pour l'int√©grabilit√©;0;;
6;int√©gration intervalle quelconque;rapport entre "fontion int√©grable" et "limite finie de primitive" ?;0;;
6;int√©gration intervalle quelconque;exemple d'une fonction non int√©grable qui a une limite finie de primitive ?;0;;
6;int√©gration intervalle quelconque;l'int√©grale du sinus cardinal converge-t-elle entre 0 et +‚àû ?;0;;
6;int√©gration intervalle quelconque;formule de changement de variable pour une int√©grale sur un intervalle quelconque;0;;
6;int√©gration intervalle quelconque;int√©gration par parties sur un intervalle quelconque;0;;
6;int√©gration intervalle quelconque;comment √©tudier en pratique l'int√©grabilit√© d'une fonction sur un intervalle ]a,b] (a r√©el) ?;0;;
6;int√©gration intervalle quelconque;si f est cont/morceaux sur ]0,1] et a une limite finie en 0, alors f est int√©grable sur ]0,1] ?;0;;
6;int√©gration intervalle quelconque;si f est cont/morceaux et int√©grable sur ]0,1], alors f a une limite finie en 0 ?;0;;
6;int√©gration intervalle quelconque;si f est cont/morceaux et int√©grable sur ]0,1], alors f a une limite en 0 ?;0;;
7;fonctions vectorielles;d√©riv√©e de Lof si f est d√©rivable et L lin√©aire ?;0;;
7;fonctions vectorielles;d√©riv√©e de B(f,g) si f,g sont d√©rivables et B bilin√©aire ?;0;;
7;fonctions vectorielles;d√©riv√©e de (f | g) ?;0;;
7;fonctions vectorielles;d√©riv√©e de ‚Äñf‚Äñ¬≤ o√π ‚Äñ.‚Äñ est une norme euclidienne ?;0;C'est (‚Äñf‚Äñ¬≤)' = 2(f'|f);
8;alg√®bre lin√©aire;√©nonc√© th√©or√®me du rang;0; Pour f une application lin√©aire, l'image de f est isomorphe √† tout suppl√©mentaire du noyau;
8;alg√®bre lin√©aire;√©nonc√© formule du rang;0; f ‚àà L(E, F) et E de dimension finie, on a : dim(E) = dim(Ker(f)) + rg(f) ;
8;alg√®bre lin√©aire;d√©finition d'un projecteur;0;;
8;alg√®bre lin√©aire;d√©finition d'une somme de plusieurs s.e.v.;0;;
8;alg√®bre lin√©aire;d√©finition d'une somme directe de plusieurs s.e.v.;0;;
8;alg√®bre lin√©aire;d√©finition d'une famille libre (cas famille finie puis quelconque);0;;
8;alg√®bre lin√©aire;d√©finition/caract√©risation d'un Vect;0;;
8;alg√®bre lin√©aire;d√©finition du rang d'une famille quelconque de vecteurs;0;;
8;alg√®bre lin√©aire;comment trouver en pratique l'image d'une application lin√©aire ?;0;;
8;alg√®bre lin√©aire;rapport entre projection vectorielle et sym√©trie;0;;
8;alg√®bre lin√©aire;comment caract√©riser un projecteur ?;0;;
8;alg√®bre lin√©aire;si la compos√©e de 2 applications lin√©aires est nulle, que peut-on dire pour les images, noyaux ? R√©ciproque ?;0;;
8;alg√®bre lin√©aire;pour 2 applications lin√©aires, quel rapport entre Ker u et Ker vou ? Quel √©nonc√© pour les images ?;0;;
8;alg√®bre lin√©aire;dimension d'une somme (directe) de sous-espaces vectoriels ?;0;;
8;alg√®bre lin√©aire;dimension de L(E,F) ? (pour E et F deux espaces vectoriels de dim finie);0;;
8;alg√®bre lin√©aire;Caract√©risation des isomorphismes en dimension finie;0;;
9;matrices;dimension de An(K) ? Sn(K) ?;0;;
9;matrices;A quelle condition une matrice triangulaire est-elle inversible ?;0;;
9;matrices;expression des coefficients de la matrice produit A*B ?;0;;
9;matrices;rang d'une matrice diagonale en fonction de ses coefficients ?;0;;
9;matrices;trace d'un projecteur =? (en dimension finie);0;;
9;matrices;tr(AB)=tr(A) tr(B) ?;0;;
9;matrices;propri√©t√©s de la transposition des matrices;0;;
9;matrices;d√©finition du rang d'une matrice;0;;
9;matrices;propri√©t√©s de la trace des matrices;0;;
9;matrices;que vaut le produit E‚Çç·µ¢,‚±º‚Çé √ó E‚Çç‚Çñ,‚Çó‚Çé ? (pour les matrices de la base canonique);0;;
9;matrices;pour des matrices inversibles, que vaut (A √ó B √ó C)‚Åª¬π ?;0;(A √ó B √ó C)‚Åª¬π = C‚Åª¬π √ó B‚Åª¬π √ó A‚Åª¬π;
9;matrices;comment calculer en pratique l'inverse d'une petite matrice carr√©e inversible ?;0;;
9;matrices;en pratique, comment montrer que 2 matrices sont semblables ?;0;;
9;matrices;comment calculer en pratique le rang d'une petite matrice carr√©e ?;0;on fait des op√©rations √©l√©mentaires sur les lignes et les colonnes pour faire apparaitre J·µ£;
9;matrices;d√©finition de 2 matrices semblables;0;;
9;matrices;d√©finition de 2 matrices √©quivalentes;0;;
9;matrices;2 matrices semblables ont m√™me ?... Et la r√©ciproque ?;0;;
9;matrices;2 matrices √©quivalentes ont m√™me ?... Et la r√©ciproque ?;0;;
10;d√©terminants;d√©finition (formule) du d√©terminant d'une matrice;0;;
10;d√©terminants;d√©finition en fran√ßais du d√©terminant d'une matrice;0;;
10;d√©terminants;formule de d√©veloppement suivant une ligne ou colonne d'un d√©terminant;0;;
10;d√©terminants;det(AB)=?;0;;
10;d√©terminants;calcul d'un d√©terminant triangulaire par bloc ?;0;;
10;d√©terminants;d√©terminant de Vandermonde;0;;
10;d√©terminants;formule avec la comatrice;0;C'est ‚àÄ A ‚àà M‚Çô(ùïÇ), A √ó Com(A)·µÄ = Com(A)·µÄ √ó A = det(A) I‚Çô;
10;d√©terminants;que devient le d√©terminant d'une matrice si on effectue une op√©ration √©l√©mentaire ?;0;;
11;structures/arithm√©tique;d√©finition d'une relation d'√©quivalence;0;;
11;structures/arithm√©tique;d√©finition d'une relation d'ordre;0;;
11;structures/arithm√©tique;d√©finition d'un groupe;0;;
11;structures/arithm√©tique;d√©finition d'un anneau;0;;
11;structures/arithm√©tique;d√©finition d'un corps;0;;
11;structures/arithm√©tique;d√©finition d'un espace vectoriel;0;;
11;structures/arithm√©tique;caract√©risation d'un sous-espace vectoriel;0;;
11;structures/arithm√©tique;caract√©risation d'un sous-groupe;0;A est un sous-groupe de (E, Œî) groupe si: \n - A ‚äÇ E \n - 0E ‚àà A \n - ‚àÄ x ‚àà A, x‚Åª¬π ‚àà A \n -  ‚àÄ (x, y) ‚àà A¬≤, x Œî y ‚àà A;
11;structures/arithm√©tique;d√©finition d'un id√©al d'un anneau commutatif;0;;
11;structures/arithm√©tique;d√©finition d'une application lin√©aire;0;;
11;structures/arithm√©tique;d√©finition d'un morphisme de groupes;0;;
11;structures/arithm√©tique;d√©finition d'un morphisme d'alg√®bres;0;;
11;structures/arithm√©tique;sous-groupes de (‚Ñ§,+) ?;0;;
11;structures/arithm√©tique;quelle structure a l'ensemble des inversibles d'un anneau ?;0;;
11;structures/arithm√©tique;quels sont les g√©n√©rateurs du groupe (‚Ñ§/n‚Ñ§,+) ?;0;;
11;structures/arithm√©tique;quels sont les id√©aux de ‚Ñ§ ?;0;;
11;structures/arithm√©tique;quel est l'ordre dans le groupe GL_n(IK) d'une matrice de sym√©trie ?;0;;
11;structures/arithm√©tique;quel est l'ordre dans le groupe O_2(‚Ñù) d'une matrice de rotation d'angle 2*pi/n ?;0;;
11;structures/arithm√©tique;quels sont les id√©aux de K[X] ?;0;;
11;structures/arithm√©tique;d√©finition du pgcd de 2 nombres;0;Si a et b non nul, pgcd(a, b) = min((a‚Ñ§ + b‚Ñ§) ‚à© ‚Ñï*);
11;structures/arithm√©tique;d√©finition du ppcm de 2 nombres;0;Si a et b non nul, ppcm(a, b) = min(a‚Ñ§ ‚à© b‚Ñ§ ‚à© ‚Ñï*), si a ou b = 0 alors ppcm(a, b) = 0;
11;structures/arithm√©tique;d√©finition du pgcd de n nombres;0;;
11;structures/arithm√©tique;relation entre pgcd et ppcm pour 2 entiers a et b ?;0;;
11;structures/arithm√©tique;th√©or√®me de Be‚Ñ§out pour les entiers;0;;
11;structures/arithm√©tique;th√©or√®me de Gauss pour les entiers;0;Soient a et b deux entiers premiers entre eux et c un entier tel que a | bc alors a | c;
11;structures/arithm√©tique;comment trouver une relation de Be‚Ñ§out entre 49 et 15  (sans calculatrice) ?;0;;
11;structures/arithm√©tique;si l'on poss√®de une relation de Be‚Ñ§out entre 2 entiers a et b, comment trouver toutes les relations de Be‚Ñ§out entre a et b ensuite ?;0;;
13;groupes monog√®nes;d√©finition de l'ordre d'un √©l√©ment dans un groupe;0;;
13;groupes monog√®nes;dans un groupe fini, que peut-on dire de l'ordre d'un √©l√©ment de ce groupe ?;0;;
13;groupes monog√®nes;d√©finition d'un groupe monog√®ne;0;;
13;groupes monog√®nes;d√©finition d'un groupe cyclique;0;;
13;groupes monog√®nes;(‚Ñ§,+) est-il un groupe cyclique ?;0;;
13;groupes monog√®nes;citer un exemple de groupe monog√®ne infini et un exemple de groupe cyclique;0;;
13;groupes monog√®nes;comment calculer en pratique l'ordre d'un √©l√©ment dans un groupe ?;0;;
13;groupes monog√®nes;si x est un √©l√©ment d'ordre 3 dans un groupe (G,*), alors x^3=1;0;;
13;groupes monog√®nes;si x est un √©l√©ment d'ordre 3 dans un groupe (G,*), alors x^4=x;0;;
13;groupes monog√®nes;si x est un √©l√©ment dans un groupe (G,*) tel que x^4=1, alors x est d'ordre 4 ?;0;;
13;groupes monog√®nes;d√©finition des √©l√©ments de ‚Ñ§/n‚Ñ§;0;;
13;groupes monog√®nes;d√©finition de la relation de congruence ""modulo n"" dans ‚Ñ§;0;;
13;groupes monog√®nes;que signifie que la relation de congruence ""modulo n"" est compatible avec les lois + et * dans ‚Ñ§ ?;0;;
13;groupes monog√®nes;structure de ‚Ñ§/n‚Ñ§ ?;0;;
13;groupes monog√®nes;condition pour que ‚Ñ§/n‚Ñ§ soit un corps ?;0;n ‚àà ‚Ñô;
13;groupes monog√®nes;√©l√©ments inversibles de ‚Ñ§/n‚Ñ§ ?;0;;
13;groupes monog√®nes;structure de l'ensemble des √©l√©ments inversibles de l'anneau ‚Ñ§/n‚Ñ§ ?;0;;
13;groupes monog√®nes;nombre d'√©l√©ments inversibles de l'anneau ‚Ñ§/n‚Ñ§ ?;0;;
13;groupes monog√®nes;g√©n√©rateurs du groupe (‚Ñ§/n‚Ñ§,+) ?;0;;
13;groupes monog√®nes;reste de la division euclidienne de 2019^(2020) par 6 ?;0;;
13;groupes monog√®nes;d√©finition de la fonction indicatrice d'Euler (dans ‚Ñ§/n‚Ñ§);0;;
13;groupes monog√®nes;comment calculer phi(n) o√π phi est la fonction indicatrice d'Euler et n un entier ?;0;;
13;groupes monog√®nes;petit th√©or√®me de Fermat (pour les entiers);0;;
13;groupes monog√®nes;th√©or√®me chinois (pour les entiers);0;;
13;groupes monog√®nes;comment r√©soudre dans ‚Ñ§ un syst√®me de congruence (x=a [p] et x=b [q]) avec p et q premiers entre eux ?;0;;
12;r√©duction;d√©finition vecteur propre;0;;
12;r√©duction;d√©finition sous-espace propre;0;;
12;r√©duction;d√©finition valeur propre;0;;
12;r√©duction;0 est valeur propre de u ssi ... ?;0;;
12;r√©duction;d√©finition du polyn√¥me minimal ?;0;;
12;r√©duction;structure de l'ensemble des polyn√¥mes annulateurs d'une matrice ?;0;;
12;r√©duction;rapport entre polyn√¥me minimal et polyn√¥me annulateur ?;0;;
12;r√©duction;rapport entre spectre et racines du polyn√¥me caract√©ristique ?;0;;
12;r√©duction;pourquoi en dimension finie n'y a t'il qu'un nombre fini de valeurs propres ?;0;;
12;r√©duction;exemple d'endomorphisme ou de matrice r√©elle qui n'a pas de valeur propre r√©elle;0;;
12;r√©duction;coefficients en X^n, X^(n-1) et X^0 du polyn√¥me caract√©ristique ?;0;;
12;r√©duction;que dire des valeurs propres de la transpos√©e ?;0;;
12;r√©duction;Lemme des noyaux (en r√©duction);0;;
12;r√©duction;polyn√¥me minimal d'une homoth√©tie ?;0;soit Œª le rapport de l'homoth√©tie, le polyn√¥me minimal est X - Œª;
12;r√©duction;polyn√¥me minimal d'une sym√©trie ?;0;;
12;r√©duction;polyn√¥me minimal d'un projecteur ?;0;Soit p le projecteur, si p = 0 alors c'est X si p = Id alors c'est X - 1, sinon c'est X(X - 1);
12;r√©duction;lien entre le degr√© du polyn√¥me minimal d'un endomorphisme u et la dimension de K[u];0; √©galit√©;
12;r√©duction;comment calculer en pratique les puissances d'une matrice dont on poss√®de un polyn√¥me annulateur ?;0;;
12;r√©duction;que peut-on dire de la somme des sous-espaces propres d'un endomorphisme ?;0;;
12;r√©duction;dimension s.e.p. et multiplicit√© ?;0;;
12;r√©duction;CNS diagonalisation par polyn√¥me caract√©ristique;0;;
12;r√©duction;polyn√¥me caract√©ristique scind√© √† racines simples ssi diagonalisable ?;0;;
12;r√©duction;que dire d'un endomorphisme diagonalisable avec une seule v.a.p. ?;0;;
12;r√©duction;rapport entre polyn√¥me minimal et polyn√¥me caract√©ristique ?;0;;
12;r√©duction;un projecteur est toujours diagonalisable ?;0;;
12;r√©duction;une sym√©trie est toujours diagonalisable ?;0;;
12;r√©duction;que peut-on dire du polyn√¥me caract√©ristique d'un endomorphisme induit ?;0;;
12;r√©duction;2 matrices semblables ont-elles le m√™me polyn√¥me minimal ? Et pourquoi ?;0;;
12;r√©duction;CNS trigonalisation par polyn√¥me caract√©ristique;0;;
12;r√©duction;comment trigonaliser en pratique ?;0;;
12;r√©duction;CNS diagonalisation par polyn√¥me annulateur;0;;
12;r√©duction;CNS diagonalisation par polyn√¥me minimal;0;;
12;r√©duction;rapport entre spectre et racines d'un polyn√¥me annulateur ?;0;;
12;r√©duction;rapport entre spectre et racines du polyn√¥me minimal ? ;0;Il y a √©galit√©;
12;r√©duction;d√©finition d'un sous-espace caract√©ristique d'un endomorphisme en dimension finie ?;0;;
12;r√©duction;dimension d'un sous-espace caract√©ristique d'un endomorphisme en dimension finie ?;0;;
12;r√©duction;que peut-on dire de la somme des sous-espaces caract√©ristiques d'un endomorphisme ? Sous quelles hypoth√®ses ?;0;;
14;suites/s√©ries de fonctions;d√©finition CVS et CVU d'une suite (f_n) de fonctions;0;;
14;suites/s√©ries de fonctions;comment montrer en pratique la CVU d'une suite de fonctions ?;0;;
14;suites/s√©ries de fonctions;comment montrer en pratique la non CVU d'une suite de fonctions ?;0;;
14;suites/s√©ries de fonctions;th√©or√®me de continuit√© pour une suite de fonctions;0;;
14;suites/s√©ries de fonctions;th√©or√®me de double limite pour une suite de fonctions;0;;
14;suites/s√©ries de fonctions;th√©or√®me d'int√©gration pour une suite de fonctions (par CVU);0;;
14;suites/s√©ries de fonctions;th√©or√®me de classe C^1 pour une suite de fonctions;0;;
14;suites/s√©ries de fonctions;th√©or√®me de classe C^k pour une suite de fonctions;0;;
14;suites/s√©ries de fonctions;d√©finition CVS et CVU d'une s√©rie de fonctions;0; Œ£ u_n CVS si ‚àÄx‚ààA, Œ£ u_n(x) CV, i.e. (S_n) CVS \n Œ£ u_n CVU si (S_n) CVU sur A;
14;suites/s√©ries de fonctions;d√©finition CVN d'une s√©rie de fonctions;0;;
14;suites/s√©ries de fonctions;rapport entre CVS, CU et CVN pour une s√©rie de fonctions;0;;
14;suites/s√©ries de fonctions;comment montrer en pratique la CVU d'une s√©rie de fonctions (termes tous positifs) ?;0;;
14;suites/s√©ries de fonctions;th√©or√®me de continuit√© pour une s√©rie de fonctions ;0;;
14;suites/s√©ries de fonctions;th√©or√®me de double limite("√©change s√©rie limite") pour une s√©rie de fonctions;0;;
14;suites/s√©ries de fonctions;th√©or√®me d'int√©gration pour une s√©rie de fonctions (par CVU);0;;
14;suites/s√©ries de fonctions;th√©or√®me de classe C^1 pour une s√©rie de fonctions;0;;
14;suites/s√©ries de fonctions;th√©or√®me de classe C^k pour une s√©rie de fonctions;0;;
14;suites/s√©ries de fonctions;comment montrer en pratique la CVU d'une s√©rie de fonctions (termes complexes) ?;0;;
14;suites/s√©ries de fonctions;comment montrer en pratique la CVU d'une s√©rie de fonctions (termes de signe altern√©) ?;0;;
14;suites/s√©ries de fonctions;la somme S d'une s√©rie de fonctions est continue sur ‚Ñù et on doit montrer la classe C1 sur ‚Ñù*, sur quel(s) intervalle(s) travaille‚Ñ§-vous alors ?;0;;
15;s√©ries enti√®res;lemme d'Abel (s√©ries enti√®res);0;;
15;s√©ries enti√®res;d√©finition(s) du rayon de convergence d'une s√©rie enti√®re;0;;
15;s√©ries enti√®res;r√®gle de d'Alembert (s√©ries enti√®res);0;;
15;s√©ries enti√®res;comment calculer en pratique le rayon de convergence d'une SE ?;0;;
15;s√©ries enti√®res;si |a_n| est inf√©rieur √† |b_n|, est-ce que le r. de c. de la SE R_a est plus petit ou plus grand que R_b ?;0;;
15;s√©ries enti√®res;type de convergence d'une s√©rie enti√®re ? Et dans quelles ‚Ñ§ones du plan ou de ‚Ñù ?;0;;
15;s√©ries enti√®res;rayon de convergence d'une somme de 2 SE ?;0;;
15;s√©ries enti√®res;quel DSE usuel poss√®de 1/n! comme coefficient g√©n√©ral et rayon de convergence ?;0;Œ£x‚Åø/n! = eÀ£ et R = +‚àû;
15;s√©ries enti√®res;quel DSE usuel poss√®de a_n=1 comme coefficient g√©n√©ral et rayon de convergence ?;0;;
15;s√©ries enti√®res;√©noncer le th√©or√®me d'Abel radial (pour les s√©ries enti√®res);0;;
15;s√©ries enti√®res;De quelle classe est la fonction somme d'une s√©rie enti√®re ? Et dans quel domaine ?;0;;
15;s√©ries enti√®res;comment montrer en pratique que la somme d'une SE est continue sur le segment [0,R] ?;0;;
15;s√©ries enti√®res;rayon de convergence du produit d'une SE par un scalaire ?;0;;
15;s√©ries enti√®res;rayon de convergence du produit de 2 SE ?;0;;
15;s√©ries enti√®res;comment faire en pratique le produit de Cauchy de 2 SE ?;0;;
15;s√©ries enti√®res;comment montrer en pratique qu'une fonction d'une variable r√©elle est d√©veloppable en s√©rie enti√®re ?;0;;
15;s√©ries enti√®res;sur quels types d'intervalle peut-on int√©grer terme √† terme sans justification une s√©rie enti√®re ?;0;;
15;s√©ries enti√®res;DSE et rayon de Arctan(x);0;;
15;s√©ries enti√®res;DSE et rayon de sin(x);0;‚àÄ x ‚àà ‚Ñù, sin(x) = Œ£‚Çô‚Çå‚ÇÄ‚Å∫‚àû (-1)‚Åø x¬≤‚Åø‚Å∫¬π/(2n+1)! et R = +‚àû;
15;s√©ries enti√®res;DSE et rayon de cos(x);0;‚àÄ x ‚àà ‚Ñù, cos(x) = Œ£‚Çô‚Çå‚ÇÄ‚Å∫‚àû (-1)‚Åø x¬≤‚Åø/(2n)! et R = +‚àû;
15;s√©ries enti√®res;DSE et rayon de exp(x);0;‚àÄ x ‚àà ‚Ñù, exp(x) = Œ£‚Çô‚Çå‚ÇÄ‚Å∫‚àû x‚Åø/n! et R = +‚àû;
15;s√©ries enti√®res;DSE et rayon de ch(x);0;‚àÄ x ‚àà ‚Ñù, ch(x) = Œ£‚Çô‚Çå‚ÇÄ‚Å∫‚àû x¬≤‚Åø/ (2n)! et R = +‚àû;
15;s√©ries enti√®res;DSE et rayon de sh(x);0;‚àÄ x ‚àà ‚Ñù, sh(x) = Œ£‚Çô‚Çå‚ÇÄ‚Å∫‚àû x¬≤‚Åø‚Å∫¬π/(2n+1)! et R = +‚àû;
15;s√©ries enti√®res;DSE et rayon de 1/(1-x);0;;
15;s√©ries enti√®res;DSE et rayon de 1/(1+x);0;;
15;s√©ries enti√®res;DSE et rayon de (1+x)^Œ±;0;;
15;s√©ries enti√®res;DSE et rayon de ln(1+x);0;;
15;s√©ries enti√®res;DSE et rayon de ln(1-x);0;;
15;s√©ries enti√®res;quel DSE usuel poss√®de a‚Çô = (-1)^n/n! comme coefficient g√©n√©ral ?;0;;
15;s√©ries enti√®res;quel DSE usuel poss√®de a‚ÇÇ‚Çô = 1/(2n)! et a‚ÇÇ‚Çô‚Çä‚ÇÅ = 0 comme coefficient g√©n√©ral ?;0;C'est ch, ‚àÄ x ‚àà ‚Ñù, ch(x) = Œ£‚Çô‚Çå‚ÇÄ‚Å∫‚àû x¬≤‚Åø/ (2n)! et R = +‚àû;
15;s√©ries enti√®res;quel DSE usuel poss√®de a‚ÇÇ‚Çô = (-1)^n/(2n)! et a‚ÇÇ‚Çô‚Çä‚ÇÅ = 0 comme coefficient g√©n√©ral ?;0;;
15;s√©ries enti√®res;quel DSE usuel poss√®de a‚Çô = 1/n comme coefficient g√©n√©ral ?;0;;
15;s√©ries enti√®res;quel DSE usuel poss√®de a‚Çô = (-1)^n/n comme coefficient g√©n√©ral ?;0;;
15;s√©ries enti√®res;quel DSE usuel poss√®de a‚ÇÇ‚Çô = 0 et a‚ÇÇ‚Çô‚Çä‚ÇÅ = (-1)^n/(2n+1) comme coefficient g√©n√©ral ?;0;;
15;s√©ries enti√®res;quel DSE usuel poss√®de a‚ÇÇ‚Çô = 0 et a‚ÇÇ‚Çô‚Çä‚ÇÅ = 1/(2n+1) comme coefficient g√©n√©ral ?;0;;
15;s√©ries enti√®res;quel DSE usuel poss√®de a‚ÇÇ‚Çô = 0 et a‚ÇÇ‚Çô‚Çä‚ÇÅ = 1/(2n+1)! comme coefficient g√©n√©ral ?;0;;
15;s√©ries enti√®res;quel DSE usuel poss√®de a‚ÇÇ‚Çô = 0 et a‚ÇÇ‚Çô‚Çä‚ÇÅ = (-1)^n/(2n+1)! comme coefficient g√©n√©ral ?;0;;
15;s√©ries enti√®res;quel DSE usuel poss√®de a_n=(-1)^n comme coefficient g√©n√©ral ?;0;;
15;s√©ries enti√®res;si |a_n| est plus petit que 1, que dire du rayon de convergence R_a de la s√©rie des a_n x^n ?;0;;
15;s√©ries enti√®res;quel rapport entre Taylor et les s√©ries enti√®res ?;0;;
16;Espaces pr√©hilbertiens;d√©finition d'un produit scalaire;0;;
16;Espaces pr√©hilbertiens;des vecteurs 2 √† 2 orthogonaux sont libres ?;0;;
16;Espaces pr√©hilbertiens;√©noncer le th√©or√®me de Pythagore;0;; 
16;Espaces pr√©hilbertiens;d√©finition de l'orthogonal d'une partie;0;soit A une partie de E un espace pr√©hilbertien, alors l'orthogonal de A est {x ‚àà E, ‚àÄa ‚àà A, (x|A) = 0};
16;Espaces pr√©hilbertiens;l'orthogonal d'une partie est-il toujours un sous espace vectoriel ?;0;;
16;Espaces pr√©hilbertiens;relation entre F (sev d'un espace E pr√©hilbertien) et son double orthogonal F‚î¥‚î¥ ?;0;;
16;Espaces pr√©hilbertiens;d√©finition du produit scalaire usuel dans l'espace des matrices r√©elles ?;0;;
16;Espaces pr√©hilbertiens;que vaut le produit scalaire de 2 matrices <A, B> en fonction des coefficients a_(i,j) et b_(i,j) ?;0;;
16;Espaces pr√©hilbertiens;que vaut le carr√© de la norme usuelle ||A||¬≤ d'une matrice en fonction de ses coefficients a_(i,j) ?;0;;
16;Espaces pr√©hilbertiens;d√©finition d'un projecteur orthogonal (dans un espace pr√©hilbertien);0;;
16;Espaces pr√©hilbertiens;in√©galit√© de Cauchy-Schwarz;0;;
16;Espaces pr√©hilbertiens;identit√© de polarisation (espaces pr√©hilbertiens);0;;
16;Espaces pr√©hilbertiens;si E est un espace pr√©hilbertien, qu'est-ce que l'orthogonal de E : E‚î¥ ?;0;C'est {0};
16;Espaces pr√©hilbertiens;relation entre produit scalaire et norme associ√©e, polarisation;0;;
16;Espaces pr√©hilbertiens;d√©finition d'un espace euclidien;0;Un espace vectoriel de dimension finie muni d'une norme;
16;Espaces pr√©hilbertiens;d√©finition d'une base orthonorm√©e;0;;
16;Espaces pr√©hilbertiens;exemples de base orthonorm√©e dans ‚Ñù^n, dans M_(n,p)(‚Ñù);0;;
16;Espaces pr√©hilbertiens;que vaut la norme d'un vecteur dans une base orthonorm√©e (en fonction des coordonn√©es du vecteur) ?;0;;
16;Espaces pr√©hilbertiens;que vaut le produit scalaire de 2 vecteurs dans une base orthonorm√©e (en fonction des coordonn√©es des vecteurs)?;0;;
16;Espaces pr√©hilbertiens;comment √©crire le produit scalaire usuel de 2 vecteurs √† l'aides des matrices-colonnes les repr√©sentant ?;0;;
16;Espaces pr√©hilbertiens;comment √©crire le carr√© de norme euclidienne d'un vecteur √† l'aide de la matrice-colonne le repr√©sentant ?;0;;
16;Espaces pr√©hilbertiens;Expression d'une projection orthogonale;0;;
16;Espaces pr√©hilbertiens;Distance d'un vecteur √† un sev de dimension finie d'un espace pr√©hilbertien (d√©finition + th√©or√®me);0;;
16;Espaces pr√©hilbertiens;condition pour qu'un sev F et son orthogonal soient suppl√©mentaires dans un espace pr√©hilbertien E ?;0;;
16;Espaces pr√©hilbertiens;in√©galit√© de Bessel (espaces pr√©hilbertiens);0;;
16;Espaces pr√©hilbertiens;comment d√©terminer la projection orthogonale d'un vecteur x sur un sev F de petite dimension ?;0;;
16;Espaces pr√©hilbertiens;faire un dessin de projection orthogonale en dimension 2;0;;
16;Espaces pr√©hilbertiens;th√©or√®me d'orthonormalisation de Schmidt;0;;
16;Espaces pr√©hilbertiens;si on utilise l'orthonormalisation de Schmidt dans K[X] pour la base canonique (X^k)_k, que peut-on dire (degr√©, etc) de la famille (P_k) obtenue ?;0;;
17;espaces euclidiens;d√©finition de l'adjoint d'un endomorphisme ;0;Pour u un endomorphisme de E espace euclidien, l'adjoint de u est l'unique endomorphisme v tel que ‚àÄ (x, y) ‚àà E¬≤, (u(x)|y) = (x|v(y));
17;espaces euclidiens;adjoint de f ‚àò g ?;0;(f ‚àò g)* = g* ‚àò f*;
17;espaces euclidiens;adjoint de l'adjoint d'un endomorphisme ? ;0;Pour u un endomorphisme, u** = u;
17;espaces euclidiens;matrice de l'adjoint d'un endomorphisme ? Sous quelles hypoth√®ses ?;0;;
17;espaces euclidiens;Si un s.e.v. F est stable par un endomorphisme u, que peut-on dire de son orthogonal pour u* ?;0;;
17;espaces euclidiens;d√©finition d'une matrice orthogonale;0;Soit A ‚àà M‚Çô(ùïÇ), A ‚àà O‚Çô(ùïÇ) si A A·µÄ = I‚Çô;
17;espaces euclidiens;√©noncer diff√©rentes caract√©risations d'une matrice orthogonale ;0;;
17;espaces euclidiens;d√©terminant d'une matrice orthogonale ?;0;Le d√©terminant d'une matrice orthogonale est 1 ou -1;
17;espaces euclidiens;quel rapport entre matrice orthogonale et changement de base ?;0;;
17;espaces euclidiens;que peut-on dire des colonnes d'une matrice orthogonale ?;0;;
17;espaces euclidiens;en pratique comment montrer qu'une matrice est orthogonale ? ;0;;
17;espaces euclidiens;que peut-on dire des coefficients d'une matrice orthogonale ?;0;;
17;espaces euclidiens;quels sont les √©l√©ments du groupe orthogonal O2(‚Ñù) ?;0;;
17;espaces euclidiens;adjoint d'une isom√©trie ?;0;;
17;espaces euclidiens;adjoint d'un endomorphisme sym√©trique ?;0;;
17;espaces euclidiens;d√©finition d'une isom√©trie;0;;
17;espaces euclidiens;√©noncer diff√©rentes caract√©risations d'une isom√©trie;0;;
17;espaces euclidiens;un projecteur orthogonal est-il un endomorphisme orthogonal ? ;0;;
17;espaces euclidiens;un projecteur orthogonal est-il un endomorphisme autoadjoint ?;0;;
17;espaces euclidiens;d√©finition du groupe sp√©cial orthogonal (espaces euclidiens);0;;
17;espaces euclidiens;valeurs propres √©ventuelles d'une matrice orthogonale ?;0;;
17;espaces euclidiens;un endomorphisme orthogonal est-il bijectif ?;0;;
17;espaces euclidiens;√©crire la matrice, en b.o.n. (√©ventuellement bien choisie), d'une rotation du plan ;0;;
17;espaces euclidiens;√©crire la matrice, en b.o.n. (√©ventuellement bien choisie), d'une rotation autour d'un axe dans l'espace ‚Ñù^3;0;;
17;espaces euclidiens;√† quelle matrice (simple) une matrice de O3(‚Ñù) est-elle orthogonalement semblable ?;0;;
17;espaces euclidiens;comment savoir la nature g√©om√©trique d'une isom√©trie en dimension 2 ?;0;;
17;espaces euclidiens;comment savoir la nature g√©om√©trique d'une isom√©trie en dimension 3 ?;0;;
17;espaces euclidiens;d√©finition d'un endomorphisme autoadjoint;0;;
17;espaces euclidiens;quel rapport entre matrice sym√©trique et endomorphisme autoadjoint ?;0;La matrice canoniquement associ√©e √† l'endomorphisme autoadjoint est sym√©trique;
17;espaces euclidiens;√©noncer diff√©rentes caract√©risations du fait qu'un endomorphisme d'un espace euclidien est autoadjoint;0;;
17;espaces euclidiens;√©nonc√© du th√©or√®me spectral (espaces euclidiens);0;;
17;espaces euclidiens;quel rapport entre matrice orthogonale et endomorphisme orthogonal ?;0;;
17;espaces euclidiens;image d'une base orthonorm√©e par un endomorphisme orthogonal ?;0;;
17;espaces euclidiens;que peut-on dire d'une matrice r√©elle, √† la fois orthogonale et sym√©trique ?;0;;
17;espaces euclidiens;que peut-on dire du polyn√¥me caract√©ristique d'un endomorphisme autoadjoint ?;0;;
17;espaces euclidiens;en pratique, comment montrer que les valeurs propres d'un endomorphisme autoadjoint sont positives ?;0;;
17;espaces euclidiens;si A est une matrice sym√©trique r√©elle √† spectre inclus dans ‚Ñù+, que peut-on dire (et pourquoi) de (X^T)*A*X pour X matrice colonne ? (X^T est la transpos√©e de X) ;0;;
17;espaces euclidiens;si A est dans S‚Çô(‚Ñù) et que X·µÄAX est positif pour toute matrice colonne X, que peut-on dire du spectre de A et pourquoi ? (X·µÄ est la transpos√©e d e X);0;;
17;espaces euclidiens;d√©finition d'un endomorphisme autoadjoint positif ?;0;;
17;espaces euclidiens;d√©finition d'un endomorphisme autoadjoint d√©fini positif ?;0;u‚ààS++(E) si u‚ààS(E) et ‚àÄx‚â†0, (u(x)|x) > 0;
17;espaces euclidiens;si u est un endo d'un espace euclidien E et x un vecteur de E, comment √©crire matriciellement le produit scalaire <u(x), x> ?;0;;
17;espaces euclidiens;comment s'√©crit matriciellement le carr√© de norme euclidienne ||u(x)||¬≤ de l'image d'un vecteur x par un endomorphisme u ?;0;;
17;espaces euclidiens;Si A est une matrice r√©elle, pourquoi Ker(A)=Ker((A·µÄ)*A) ? (avec (A·µÄ) la transpos√©e de A);0;;
17;espaces euclidiens;d√©finition de S‚Çô‚Å∫(‚Ñù) ?;0;;
17;espaces euclidiens;d√©finition de S‚Çô‚Å∫‚Å∫(‚Ñù) ?;0;;
18;int√©grale √† param√®tre;th√©or√®me de continuit√© pour une int√©grale √† param√®tre;0;;
18;int√©grale √† param√®tre;th√©or√®me de classe C1 pour une int√©grale √† param√®tre;0;;
18;int√©grale √† param√®tre;th√©or√®me de classe Ck pour une int√©grale √† param√®tre;0;;
18;int√©grale √† param√®tre;domaine de d√©finition de la fonction Gamma d'Euler (Gamma(x)=int√©grale pour t entre 0 et +inf de exp(-t)*t^(x-1)) ?;0;;
18;int√©grale √† param√®tre;une int√©grale F d√©pendant d'un param√®tre x r√©el est continue sur ‚Ñù+ et on doit montrer sa classe C1 sur ‚Ñù+* : comment faites-vous ?;0;;
18;int√©grale √† param√®tre;une int√©grale F d√©pendant d'un param√®tre x r√©el est d√©finie sur ‚Ñù+ et on doit chercher sa limite quand x tend vers +inf : comment faites-vous ?;0;;
18;int√©grale √† param√®tre;th√©or√®me de convergence domin√©e pour une suite de fonctions (f_n) sur un intervalle I;0;;
18;int√©grale √† param√®tre;th√©or√®me d'int√©gration terme √† terme pour  une s√©rie de fonction ‚àë f_n sur un intervalle I;0;;
19;Calcul diff√©rentiel; comment trouver la limite √©ventuelle d'une fonction de plusieurs variables ?;0;;
19;Calcul diff√©rentiel; comment √©tudier la continuit√© en un point d'une fonction de plusieurs variables ?;0;;
19;Calcul diff√©rentiel; d√©finition de la diff√©rentielle d'une fonction de plusieurs variables;0;;
19;Calcul diff√©rentiel; rapport entre diff√©rentielle et d√©riv√©es partielles pour une fonction de plusieurs variables;0;;
19;Calcul diff√©rentiel; d√©finition de la classe C1 d'une fonction de plusieurs variables;0;;
19;Calcul diff√©rentiel; d√©finition de la d√©riv√©e suivant un vecteur d'une fonction de plusieurs variables;0;;
19;Calcul diff√©rentiel; rapport entre diff√©rentiabilit√©, classe C1, d√©riv√©es partielles pour une fonction de plusieurs variables;0;;
19;Calcul diff√©rentiel; comment √©tudier l'existence de d√©riv√©es partielles en un point d'une fonction de plusieurs variables ?;0;;
19;Calcul diff√©rentiel; expression de la diff√©rentielle df d'une fonction de plusieurs variables √† l'aide des d√©riv√©es partielles;0;;
19;Calcul diff√©rentiel; d√©finition d'une matrice jacobienne;0; soit f une fonction vectorielle d√©finie sur Œ©, un ouvert de ‚Ñù‚Åø diff√©rentiable tq ‚àÄX = (x‚ÇÅ, ..., x‚Çô) ‚àà f(X) = (f1(x‚ÇÅ, ..., x‚Çô), ..., f‚Çò(x‚ÇÅ, ..., x‚Çô)), on a : J_f = (‚àÇf·µ¢/‚àÇx‚±º) 1 ‚â§ i ‚â§ m,1 ‚â§ j ‚â§ n;
19;Calcul diff√©rentiel; matrice jacobienne d'une compos√©e f ‚àò g de 2 fonctions;0; produit des deux matrices jacobiennes;
19;Calcul diff√©rentiel; comment calculer des d√©riv√©es partielles compos√©es d'ordre 1 ? (pour f ‚àò œï);0;R√®gle de la cha√Æne;
19;Calcul diff√©rentiel; si f(x,y)=g(r,theta) repr√©sentent la m√™me expression en cart√©siennes et en polaires, peut-on calculer les d√©riv√©es partielles de g √† l'aide de celles de f ou le contraire ?;0;;
19;Calcul diff√©rentiel; si f(x,y)=g(r,theta) repr√©sentent la m√™me expression en cart√©siennes et en polaires, que vaut dg/dr ? (d√©riv√©e partielle d'ordre 1);0;;
19;Calcul diff√©rentiel; d√©finition d'un point critique d'une fonction de plusieurs variables;0;;
19;Calcul diff√©rentiel; rapport entre extremum et point critique pour une fonction r√©elle de plusieurs variables;0;;
19;Calcul diff√©rentiel; en pratique, comment trouver les extremums d'une fonction r√©elle de plusieurs variables ?;0;;
19;Calcul diff√©rentiel; √©noncer le th√©or√®me d'optimisation d'une fonction sous une contrainte;0;;
19;Calcul diff√©rentiel; d√©finition de la matrice hessienne;0;;
19;Calcul diff√©rentiel; √©nonc√© de la formule de Taylor-Young √† l'ordre 2 pour une fonction de plusieurs variables;0;;
19;Calcul diff√©rentiel; comment d√©terminer la nature d'un point critique d'une fonction de plusieurs variables √† l'aide de la matrice hessienne ?;0;;
19;Calcul diff√©rentiel; d√©finition du gradient d'une fonction de plusieurs variables;0;;
19;Calcul diff√©rentiel; que vaut le gradient d'une fonction de plusieurs variables en un point critique ?;0;;
19;Calcul diff√©rentiel; th√©or√®me de Schwar‚Ñ§ pour les fonctions de plusieurs variables;0;;
19;Calcul diff√©rentiel; D√©finition d'un vecteur tangent √† une partie X;0;;
20;√âquations diff√©rentielles;th√©or√®me de Cauchy pour une EDL1;0;;
20;√âquations diff√©rentielles;th√©or√®me de Cauchy pour une EDL2;0;;
20;√âquations diff√©rentielles;structure de l'ensemble des solutions d'une EDL1 ?;0;;
20;√âquations diff√©rentielles;structure de l'ensemble des solutions d'une EDL1H ?;0;;
20;√âquations diff√©rentielles;structure de l'ensemble des solutions d'une EDL2 ?;0;;
20;√âquations diff√©rentielles;structure de l'ensemble des solutions d'une EDL2H ?;0;;
20;√âquations diff√©rentielles;solutions d'une EDL2H : y''+ay'+by=0 √† coefficients constants ?;0;;
20;√âquations diff√©rentielles;m√©thode de variation de la constante pour une EDL1;0;;
20;√âquations diff√©rentielles;m√©thode de variation des constantes pour une EDL2;0;;
20;√âquations diff√©rentielles;d√©finition du wronskien pour une EDL2;0;;
20;√âquations diff√©rentielles;ensemble des solutions de l'√©qua diff : y''+ 2y' + y =0 ?;0;;
20;√âquations diff√©rentielles;ensemble des solutions de l'√©qua diff : y''+ 3y' + 2y =0 ?;0;;
20;√âquations diff√©rentielles;ensemble des solutions (complexes puis r√©elles) de l'√©qua diff : y''+ y =0 ?;0;;
20;√âquations diff√©rentielles;ensemble des solutions (complexes puis r√©elles) de l'√©qua diff : y''- 2y' + 2y =0 ?;0;;
20;√âquations diff√©rentielles;d√©finition syst√®me fondamental de solutions pour un SDL1 (syst√®me diff);0;;
20;√âquations diff√©rentielles;structure de l'ensemble des solutions d'un SDL1 ? (syst√®me diff);0;;
20;√âquations diff√©rentielles;structure de l'ensemble des solutions d'un SDL1H ? (syst√®me diff);0;;
20;√âquations diff√©rentielles;comment r√©soudre en pratique un SDL1 (syst√®me diff) √† coefficients constants ?;0;;
20;√âquations diff√©rentielles;Si A est une matrice diagonalisable avec (X1,‚Ä¶,Xn) comme base de vep, donner les solutions du SDL1H associ√© : X'=AX;0;;
20;√âquations diff√©rentielles;th√©or√®me de Cauchy pour un SDL1;0;;
20;√âquations diff√©rentielles;Pour une EDL2H scalaire, comment obtenir toutes les solutions √† partir d'une solution phi1 qui ne s'annule pas ?;0;;
21;Probabilit√©s;d√©finition d'une probabilit√©;0;;
21;Probabilit√©s;d√©finition d'un syst√®me complet d'√©v√®nements (en probas);0;;
21;Probabilit√©s;d√©finition d'une tribu (en probas);0;;
21;Probabilit√©s;d√©finition d'une probabilit√© conditionnelle P(A|B);0;;
21;Probabilit√©s;formule des probabilit√©s compos√©es;0;;
21;Probabilit√©s;formule de Bayes (probas);0;;
21;Probabilit√©s;formule des probabilit√©s totales;0;;
21;Probabilit√©s;rapport entre proba conditionnelle et √©v√®nements ind√©pendants ?;0;;
21;Probabilit√©s;continuit√© monotone (en probas);0;;
21;Probabilit√©s;d√©finition d'un √©v√©nement n√©gligeable (en probas);0;;
21;Probabilit√©s;d√©finition d'un √©v√©nement presque s√ªr (en probas);0;;
21;Probabilit√©s;d√©finition de l'ind√©pendance de 2 √©v√®nements (en probas);0;;
21;Probabilit√©s;d√©finition de l'ind√©pendance mutuelle de n √©v√®nements (en probas);0;;
21;Probabilit√©s;√Ä quelle condition une famille (pk) d√©finit-elle une distribution de probabilit√©s discr√®te ?;0;;
21;Probabilit√©s;D√©finition d'un ensemble d√©nombrable, exemples ?;0;;
22;Variables al√©atoires;d√©finition d'une v.a.r. (en probas);0;;
22;Variables al√©atoires;d√©finition de la loi d'une v.a.r. (en probas);0;;
22;Variables al√©atoires;d√©finition de la loi conjointe d'un couple de v.a.r. (en probas);0;;
22;Variables al√©atoires;rapport entre loi conjointe et lois marginales (en probas);0;;
22;Variables al√©atoires;d√©finition de l'ind√©pendance de 2 v.a.r. (en probas);0;;
22;Variables al√©atoires;d√©finition de l'ind√©pendance de n v.a.r. (en probas);0;;
22;Variables al√©atoires;si X1, ‚Ä¶,Xn sont des v.a.r. ind√©pendantes, est-ce qu'une fonction de X1,X2 est ind√©pendante de X3,‚Ä¶,Xp ?;0;;
22;Variables al√©atoires;d√©finition de la loi uniforme (en probas);0;;
22;Variables al√©atoires;d√©finition de la loi binomiale (en probas);0;;
22;Variables al√©atoires;d√©finition de la loi de Bernoulli (en probas);0;;
22;Variables al√©atoires;interpr√©tation "pratique" de la loi de Bernoulli (en probas) ?;0;;
22;Variables al√©atoires;interpr√©tation "pratique" de la loi binomiale (en probas) ?;0;;
22;Variables al√©atoires;comment expliquer la loi binomiale √† l'aide de la loi de Bernoulli ? (en probas);0;;
22;Variables al√©atoires;d√©finition de la loi g√©om√©trique (en probas);0;;
22;Variables al√©atoires;interpr√©tation "pratique" de la loi g√©om√©trique (en probas) ?;0;;
22;Variables al√©atoires;d√©finition de la loi de Poisson (en probas);0;X‚àºP(Œª) si X(Œ©) = ‚Ñï et ‚àÄk‚àà‚Ñï, P(X=k) = exp(-Œª)*Œª·µè/k!;
22;Variables al√©atoires;convergence de la loi de Poisson vers la loi binomiale, ou le contraire ? Et dans quelles circonstances ?;0;;
22;Variables al√©atoires;d√©finition de l'esp√©rance d'une v.a.r.;0;;
22;Variables al√©atoires;qu'est-ce qu'une v.a.r. d'esp√©rance finie ?;0;;
22;Variables al√©atoires;esp√©rance d'une v.a.r. suivant une loi de Bernoulli ?;0;;
22;Variables al√©atoires;esp√©rance d'une v.a.r. suivant une loi binomiale ?;0;;
22;Variables al√©atoires;esp√©rance d'une v.a.r. suivant une loi g√©om√©trique ?;0;;
22;Variables al√©atoires;esp√©rance d'une v.a.r. suivant une loi de Poisson ?;0;;
22;Variables al√©atoires;propri√©t√©s du calcul d'esp√©rance (en probas);0;;
22;Variables al√©atoires;quel rapport pour une v.a.r. √† valeurs dans ‚Ñï, entre E(X) et les P(X ‚â•  n) ?;0;;
22;Variables al√©atoires;formule du transfert (en probas);0;Dans (Œ©, A, P) un espace probabilis√©, soient X une variable al√©atoire discr√®te complexe, et f : X(Œ©) ‚ü∂ ùïÇ , alors f(X) ‚àà L¬π ‚ü∫ (f(x)‚Ñô(X = x))_(x ‚àà X(Œ©)) est sommable et on a donc E(f(X)) = Œ£(x ‚àà X(Œ©)) f(x)‚Ñô(X = x);
22;Variables al√©atoires;esp√©rance d'un produit de v.a.r. et ind√©pendance;0;;
22;Variables al√©atoires;d√©finition d'un moment d'ordre 2 pour une v.a.r. (en probas);0;;
22;Variables al√©atoires;rapport entre existence d'un moment d'ordre 1 et d'un moment d'ordre 2 pour une v.a.r. (en probas);0;;
22;Variables al√©atoires;condition d'existence de la variance d'une v.a.r.;0;;
22;Variables al√©atoires;d√©finition de la variance d'une v.a.r.;0;;
22;Variables al√©atoires;formule de K≈ìnig-Huygens (en probas);0;;
22;Variables al√©atoires;propri√©t√©s du calcul de la variance;0;;
22;Variables al√©atoires;V(aX+b) = ? (en probas);0;;
22;Variables al√©atoires;variance d'une constante ?;0;;
22;Variables al√©atoires;in√©galit√© de Cauchy-Schwar‚Ñ§ (pour des v.a.r.);0;;
22;Variables al√©atoires;pourquoi la variance d'une v.a.r. est-elle toujours positive ?;0;;
22;Variables al√©atoires;que dire d'une v.a.r. de variance nulle ?;0;;
22;Variables al√©atoires;variance d'une v.a.r. suivant une loi de Bernoulli ?;0;;
22;Variables al√©atoires;variance d'une v.a.r. suivant une loi binomiale ?;0;;
22;Variables al√©atoires;variance d'une v.a.r. suivant une loi g√©om√©trique ?;0;;
22;Variables al√©atoires;variance d'une v.a.r. suivant une loi de Poisson ?;0;;
22;Variables al√©atoires;d√©finition de la covariance (en probas);0;;
22;Variables al√©atoires;condition d'existence de la covariance de 2 v.a.r. ?;0;;
22;Variables al√©atoires;covariance de 2 v.a.r. et ind√©pendance ?;0;;
22;Variables al√©atoires;variance d'une somme de v.a.r. ind√©pendantes ?;0;;
22;Variables al√©atoires;variance d'une somme de v.a.r. pas forc√©ment ind√©pendantes ?;0;;
22;Variables al√©atoires;in√©galit√© de Markov (probas);0;;
22;Variables al√©atoires;in√©galit√© de Bienaym√©-Tchebychev (probas);0;;
22;Variables al√©atoires;loi faible des grands nombres (probas);0;;
22;Variables al√©atoires;Si A est un √©v√©nement, que vaut l'esp√©rance de sa fonction indicatrice 1_A ? (qui vaut 1 si on est dans A, 0 sinon);0;;
22;Variables al√©atoires;d√©finition de la fonction g√©n√©ratrice d'une v.a.r. ?;0;;
22;Variables al√©atoires;propri√©t√©s de la fonction g√©n√©ratrice d'une v.a.r. en tant que s√©rie enti√®re;0;;
22;Variables al√©atoires;fonction g√©n√©ratrice d'une loi de Bernoulli ? (probas);0;G‚Çì(t) = q + pt = (1 - p) + pt;
22;Variables al√©atoires;fonction g√©n√©ratrice d'une loi binomiale ? (probas);0;G‚Çì(t) = (1 - p + pt);
22;Variables al√©atoires;fonction g√©n√©ratrice d'une loi g√©om√©trique ? (probas);0;G‚Çì(t) = pt / (1- qt);
22;Variables al√©atoires;fonction g√©n√©ratrice d'une loi de Poisson ? (probas);0; G‚Çì(t) = exp(Œª(t - 1));
22;Variables al√©atoires;rapport entre la loi d'une v.a.r. et sa fonction g√©n√©ratrice ?;0;;
22;Variables al√©atoires;rapport entre fonction g√©n√©ratrice d'une v.a.r. et esp√©rance ?;0; Si G_x est d√©rivable en 1 alors X ‚àà L¬π et  G_x(1) = E(X);
22;Variables al√©atoires;Comment calculer la variance √† partir de la fonction g√©n√©ratrice ?;0;;
22;Variables al√©atoires;fonction g√©n√©ratrice d'une somme de v.a.r. ?;0;;
